FanFooty player ID, AFL player id, first name (may include middle initial), surname, AFL team, AFL status (senior/rookie/long-term injured/AFL suspension/club suspension), jumper number, date of birth, height in cm, weight in kg, state of origin, recruited from, games,goals
43031,294472,Rory,Atkins,Adelaide,senior,21,12/07/1994,186,85,VIC,Calder Cannons,94,"45"""
1549,240060,Eddie,Betts,Adelaide,senior,18,26/11/1986,175,73,VIC,Calder Cannons,312,"595"""
42301,293193,Luke,Brown,Adelaide,senior,16,20/01/1992,183,81,SA,Norwood,145,"13"""
49119,1004995,Jordon,Butts,Adelaide,rookie,41,31/12/1999,195,80,VIC,Murray Bushrangers,,""""
42260,294307,Brad,Crouch,Adelaide,senior,2,12/01/1994,187,88,VIC,North Ballarat Rebels,78,"30"""
44012,297401,Matt,Crouch,Adelaide,senior,5,21/04/1995,183,82,VIC,North Ballarat Rebels,104,"23"""
47096,298417,Ben,Davis,Adelaide,senior,40,19/05/1997,188,79,NSW,UNSW,1,"0"""
46081,1000932,Tom,Doedee,Adelaide,senior,39,1/03/1997,189,87,VIC,Geelong Falcons,21,"2"""
2043,240370,Richard,Douglas,Adelaide,senior,26,6/02/1987,181,80,VIC,Calder Cannons,242,"162"""
42316,293479,Cam,Ellis-Yolmen,Adelaide,senior,28,28/01/1993,190,94,SA,Woodville-West Torrens,39,"15"""
48006,999331,Darcy,Fogarty,Adelaide,senior,32,25/09/1999,192,95,SA,Glenelg,10,"9"""
47024,998106,Jordan,Gallucci,Adelaide,senior,7,4/05/1998,182,78,VIC,Eastern Ranges,27,"19"""
39495,250417,Bryce,Gibbs,Adelaide,senior,6,15/03/1989,187,85,SA,Glenelg,261,"152"""
46118,281091,Hugh,Greenwood,Adelaide,senior,1,6/03/1992,190,90,TAS,Perth Wildcats,50,"36"""
49062,1008159,Will,Hamill,Adelaide,senior,35,17/11/2000,185,70,VIC,Dandenong Stingrays,,""""
42090,290228,Kyle,Hartigan,Adelaide,senior,15,11/07/1991,195,98,VIC,Werribee  ,97,"1"""
47082,1005199,Elliott,Himmelberg,Adelaide,senior,34,4/06/1998,198,89,QLD,Redlands,8,"9"""
46105,992597,Paul,Hunter,Adelaide,rookie,37,9/02/1993,200,100,QLD,Redland,0,"0"""
39578,270811,Sam,Jacobs,Adelaide,senior,24,10/04/1988,202,102,SA,Woodville West Torrens,198,"48"""
42159,294828,Josh,Jenkins,Adelaide,senior,4,8/02/1989,200,108,VIC,Lake Boga,146,"295"""
49023,1006203,Chayce,Jones,Adelaide,senior,20,14/01/2000,179,73,TAS,Launceston,6,"1"""
42099,290797,Alex,Keath,Adelaide,senior,42,20/01/1992,198,97,VIC,Murray Bushrangers,29,"1"""
44097,297473,Jake,Kelly,Adelaide,senior,8,21/01/1995,189,90,VIC,Oakleigh Chargers,70,"1"""
44047,295103,Riley,Knight,Adelaide,senior,3,27/03/1995,181,77,SA,Woodville-West Torrens,50,"34"""
42344,293222,Rory,Laird,Adelaide,senior,29,29/12/1993,178,81,SA,West Adelaide,138,"12"""
40030,270938,Tom T.,Lynch,Adelaide,senior,27,15/09/1990,191,88,VIC,Sandringham Dragons,134,"185"""
39486,250362,David,Mackay,Adelaide,senior,14,25/07/1988,182,77,VIC,Oakleigh,215,"60"""
49070,298470,Shane,McAdam,Adelaide,senior,23,28/05/1995,185,84,WA,Sturt,,""""
49017,1008185,Ned,McHenry,Adelaide,senior,25,13/07/2000,176,71,VIC,Geelong Falcons,,""""
48073,997206,Andrew,McPherson,Adelaide,senior,36,20/06/1999,186,79,SA,Woodville West Torrens,0,"0"""
46021,990882,Wayne,Milera,Adelaide,senior,30,14/09/1997,184,80,SA,Central Districts,55,"21"""
48233,1000998,Lachlan,Murphy,Adelaide,senior,44,4/12/1998,173,74,SA,Adelaide FC,28,"28"""
45155,297523,Reilly,O'Brien,Adelaide,senior,43,20/08/1995,202,103,VIC,Calder Cannons,17,"3"""
39613,270296,Andy,Otten,Adelaide,senior,22,15/05/1989,194,92,VIC,Oakleigh Chargers,106,"38"""
47052,1000908,Myles,Poholke,Adelaide,senior,10,10/07/1998,186,84,VIC,Dandenong Stingrays,11,"3"""
42142,294733,Paul,Seedsman,Adelaide,senior,11,22/01/1992,190,83,VIC,Eastern Ranges,98,"49"""
49069,1006136,Lachlan,Sholl,Adelaide,senior,38,7/03/2000,185,77,VIC,Calder Cannons,,""""
40065,270963,Rory,Sloane,Adelaide,senior,9,17/03/1990,183,83,VIC,Eastern Ranges,194,"121"""
42009,291748,Brodie,Smith,Adelaide,senior,33,14/01/1992,190,86,SA,Woodville West Torrens,162,"55"""
47069,997230,Tyson,Stengle,Adelaide,senior,17,19/10/1998,171,70,SA,Woodville-West Torrens,3,"5"""
49106,1008752,Kieran,Strachan,Adelaide,rookie,45,5/10/1995,202,95,VIC,Port Melbourne,,""""
41009,280934,Daniel,Talia,Adelaide,senior,12,2/10/1991,197,99,VIC,Calder Cannons,181,"6"""
39614,280506,Taylor,Walker,Adelaide,senior,13,25/04/1990,195,100,NSW,Broken Hill North,184,"412"""
43051,295964,Patrick,Wilson,Adelaide,rookie,31,11/12/1994,188,78,SA,Sturt,1,"0"""
46085,294168,Marcus,Adams,Brisbane Lions,senior,24,30/07/1997,192,96,WA,West Perth ,30,"4"""
47029,998268,Jacob,Allison,Brisbane Lions,rookie,19,16/04/1998,193,82,QLD,Brisbane Academy,10,"2"""
45041,996059,Harris,Andrews,Brisbane Lions,senior,31,12/11/1996,202,100,QLD,Aspley,91,"9"""
49086,1005053,Noah,Answerth,Brisbane Lions,senior,43,6/08/1999,184,80,VIC,Oakleigh Chargers,12,"1"""
48015,1002312,Zac,Bailey,Brisbane Lions,senior,33,23/09/1999,181,81,NT,Southern Districts,20,"9"""
48009,1002351,Connor,Ballenden,Brisbane Lions,senior,38,29/03/1999,198,96,QLD,Wests Juniors,0,"0"""
41028,280863,Ryan,Bastinac,Brisbane Lions,senior,4,22/06/1991,184,81,VIC,Dandenong Stingrays,164,"93"""
47021,998133,Jarrod,Berry,Brisbane Lions,senior,7,5/02/1998,192,84,VIC,North Ballarat Rebels,50,"25"""
49046,1006100,Tom,Berry,Brisbane Lions,senior,13,1/05/2000,185,76,VIC,GWV Rebels,,""""
44058,990609,Charlie,Cameron,Brisbane Lions,senior,23,5/07/1994,181,75,WA,Swan Districts,101,"139"""
41017,280918,Allen,Christensen,Brisbane Lions,senior,3,19/05/1991,176,73,VIC,Geelong Falcons,126,"106"""
47063,994047,Cedric,Cox,Brisbane Lions,senior,20,19/08/1997,181,79,VIC,North Ballarat Rebels,12,"3"""
44059,297406,Tom,Cutler,Brisbane Lions,senior,26,20/02/1995,191,95,VIC,Oakleigh Chargers,66,"32"""
47124,290326,Matt,Eagles,Brisbane Lions,rookie,41,9/02/1990,200,100,QLD,Yeronga South Brisbane,4,"1"""
49140,1013532,Tom,Fullarton,Brisbane Lions,rookie,47,23/02/1999,200,98,QLD,Brisbane Bullets,,""""
44015,296269,Darcy,Gardiner,Brisbane Lions,senior,27,22/09/1995,192,87,VIC,Geelong Falcons,99,"4"""
47109,1004863,Mitchell,Hinge,Brisbane Lions,senior,22,28/06/1998,187,80,SA,Glenelg,2,"1"""
46015,993953,Eric,Hipwood,Brisbane Lions,senior,30,13/09/1997,202,92,QLD,Aspley,68,"104"""
837,220047,Luke,Hodge,Brisbane Lions,senior,2,15/06/1984,185,88,VIC,Geelong Falcons,338,"194"""
49076,1006150,Tom,Joyce,Brisbane Lions,senior,32,7/03/2000,181,80,WA,East Fremantle,,""""
46014,993946,Ben,Keays,Brisbane Lions,senior,1,23/02/1997,186,84,QLD,Redlands,30,"11"""
42037,291548,Ryan,Lester,Brisbane Lions,senior,35,26/08/1992,191,85,VIC,Oakleigh Chargers,126,"45"""
47048,998105,Corey,Lyons,Brisbane Lions,senior,39,31/05/1998,181,80,VIC,Sandringham Dragons,0,"0"""
42132,293716,Jarryd,Lyons,Brisbane Lions,senior,17,22/07/1992,184,82,VIC,Sandringham Dragons,109,"59"""
49139,1013978,James,Madden,Brisbane Lions,rookie,42,15/11/1999,185,84,N/A,Dublin,,""""
39707,280763,Stefan,Martin,Brisbane Lions,senior,12,17/11/1986,199,102,VIC,Sandringham,175,"44"""
46013,993828,Rhys,Mathieson,Brisbane Lions,senior,36,10/01/1997,187,84,VIC,Geelong Falcons,46,"24"""
42327,293581,Lincoln,McCarthy,Brisbane Lions,senior,11,22/10/1993,178,82,SA,Glenelg,45,"44"""
47001,1000978,Hugh,McCluggage,Brisbane Lions,senior,6,3/03/1998,186,77,VIC,North Ballarat Rebels,56,"36"""
49044,1006085,Connor,McFadyen,Brisbane Lions,senior,45,4/12/2000,190,81,QLD,Brisbane Academy,,""""
47115,1005521,Oscar,McInerney,Brisbane Lions,senior,46,10/07/1994,204,103,VIC,Casey Scorpions,30,"21"""
44031,297504,Daniel,McStay,Brisbane Lions,senior,25,24/06/1995,195,94,VIC,Eastern Ranges,96,"70"""
42323,293535,Lachie,Neale,Brisbane Lions,senior,9,24/05/1993,177,80,SA,Glenelg,151,"73"""
48045,1002347,Jack,Payne,Brisbane Lions,senior,40,15/10/1999,197,96,QLD,Noosa,0,"0"""
48001,1002235,Cameron,Rayner,Brisbane Lions,senior,16,21/10/1999,187,87,VIC,Western Jets,39,"35"""
40003,271072,Daniel,Rich,Brisbane Lions,senior,10,7/06/1990,183,84,WA,Subiaco,200,"106"""
44053,297258,Nick,Robertson,Brisbane Lions,senior,18,3/06/1995,190,87,WA,West Perth ,72,"10"""
40018,290311,Mitch,Robinson,Brisbane Lions,senior,5,7/06/1989,183,87,TAS,Lauderdale,185,"104"""
46055,993836,Sam,Skinner,Brisbane Lions,senior,21,29/06/1997,197,94,VIC,Gippsland Power,1,"2"""
44136,992752,Archie,Smith,Brisbane Lions,senior,44,19/07/1995,201,99,QLD,Mt Gravatt,11,"4"""
49068,1006033,Ely,Smith,Brisbane Lions,senior,8,13/09/2000,188,86,VIC,Murray Bushrangers,,""""
48194,1002401,Brandon,Starcevich,Brisbane Lions,senior,37,24/07/1999,187,84,WA,East Perth,5,"1"""
44014,296211,Lewis,Taylor,Brisbane Lions,senior,28,17/02/1995,174,75,VIC,Geelong Falcons,112,"88"""
42162,291550,Josh,Walker,Brisbane Lions,senior,14,12/11/1992,196,101,VIC,Geelong Falcons,83,"69"""
47028,998128,Alex,Witherden,Brisbane Lions,senior,29,10/09/1998,186,80,VIC,Geelong Falcons,46,"5"""
48163,1002244,Toby,Wooller,Brisbane Lions,senior,34,16/03/1999,193,90,VIC,Oakleigh Chargers,0,"0"""
42302,261224,Dayne,Zorko,Brisbane Lions,senior,15,9/02/1989,175,74,QLD,Broadbeach,161,"176"""
41073,281124,Levi,Casboult,Carlton,senior,41,15/03/1990,201,103,VIC,Dandenong Stingrays,119,"128"""
49142,0,Matthew,Cottrell,Carlton,senior,49,29/02/2000,181,72,VIC,Dandenong Stingrays,,""""
44030,990704,Patrick,Cripps,Carlton,senior,9,18/03/1995,195,93,WA,East Fremantle,96,"45"""
46066,993795,David,Cuningham,Carlton,senior,28,30/03/1997,183,83,VIC,Oakleigh Chargers,24,"14"""
46016,996731,Charlie,Curnow,Carlton,senior,30,3/02/1997,194,91,VIC,Geelong Falcons,58,"77"""
39680,270146,Ed,Curnow,Carlton,senior,35,7/11/1989,181,86,VIC,Geelong Falcons,160,"35"""
48118,1004912,Tom,De Koning,Carlton,senior,12,16/07/1999,200,90,VIC,Dandenong Stingrays,2,"1"""
45139,298446,Josh,Deluca,Carlton,senior,47,11/05/1996,179,80,WA,Subiaco,5,"3"""
42248,295518,Sam,Docherty,Carlton,senior,15,17/10/1993,187,87,VIC,Gippsland Power,92,"14"""
48002,1002256,Paddy,Dow,Carlton,senior,2,16/10/1999,185,78,VIC,Bendigo Pioneers,36,"13"""
42034,290821,Alex,Fasolo,Carlton,senior,32,8/06/1992,181,84,WA,East Fremantle,104,"135"""
47022,999827,Zac,Fisher,Carlton,senior,25,15/06/1998,175,68,WA,Perth,51,"20"""
45021,990424,Jarrod,Garlett,Carlton,senior,21,18/08/1996,181,72,WA,South Fremantle,30,"15"""
49141,296200,Michael,Gibbons,Carlton,senior,40,8/01/1994,178,78,VIC,Williamstown,17,"11"""
45012,298316,Hugh,Goddard,Carlton,senior,45,24/08/1996,196,98,VIC,Geelong Falcons,11,"1"""
40111,281078,Liam,Jones,Carlton,senior,14,24/02/1991,198,98,VIC,Scotch College,123,"84"""
46009,1001398,Matthew,Kennedy,Carlton,senior,7,6/04/1997,188,89,NSW,Collingullie,37,"18"""
47044,998116,Patrick,Kerr,Carlton,senior,36,31/07/1998,194,93,VIC,Oakleigh Chargers,4,"2"""
39622,261299,Matthew,Kreuzer,Carlton,senior,8,13/05/1989,200,101,VIC,Northern Knights,185,"93"""
44052,296439,Darcy,Lang,Carlton,senior,16,21/11/1995,183,81,VIC,Geelong Falcons,59,"39"""
47045,992276,Kym,LeBois,Carlton,senior,42,22/05/1998,175,67,SA,North Adelaide,0,"0"""
39650,261230,Matthew,Lobbe,Carlton,senior,27,12/02/1989,200,96,VIC,Eastern Ranges,100,"22"""
47033,998226,Harrison,Macreadie,Carlton,senior,26,11/04/1998,196,89,NSW,Henty,9,"0"""
45009,298302,Caleb,Marchbank,Carlton,senior,22,12/07/1996,193,90,VIC,Murray Bushrangers,48,"0"""
45116,297255,Mitch,McGovern,Carlton,senior,11,11/10/1994,191,88,WA,Claremont,61,"84"""
46018,1000953,Harry,McKay,Carlton,senior,10,24/12/1997,200,95,VIC,Gippsland Power,30,"46"""
2020,250105,Marc,Murphy,Carlton,senior,3,19/07/1987,180,80,VIC,Oakleigh Chargers,263,"181"""
45172,297907,Nic,Newman,Carlton,senior,24,15/01/1993,187,82,VIC,Frankston,46,"10"""
48108,1002259,Lochie,O'Brien,Carlton,senior,4,18/09/1999,184,77,VIC,Bendigo Pioneers,30,"8"""
49094,1011924,Finbar,O'Dwyer,Carlton,senior,38,24/07/2000,190,74,VIC,Yarrawonga,,""""
49138,1013973,Matthew,Owies,Carlton,senior,44,19/03/1997,183,82,VIC,Seattle University,,""""
47004,994539,Sam,Petrevski-Seton,Carlton,senior,5,19/02/1998,180,74,WA,Claremont,59,"19"""
42168,294068,Andrew,Phillips,Carlton,senior,34,3/07/1991,203,99,TAS,Clarence,39,"14"""
45010,990423,Jarrod,Pickett,Carlton,senior,33,18/08/1996,178,77,WA,South Fremantle,17,"8"""
43008,294624,Lachlan,Plowman,Carlton,senior,20,11/09/1994,191,90,VIC,Calder Cannons,89,"1"""
47086,998100,Cameron,Polson,Carlton,senior,29,11/03/1998,177,76,VIC,Sandringham Dragons,16,"4"""
48124,1004767,Angus,Schumacher,Carlton,senior,19,16/03/1999,191,79,VIC,Bendigo Pioneers,0,"0"""
47008,998215,Will,Setterfield,Carlton,senior,43,5/02/1998,190,82,VIC,Sandringham Dragons,15,"5"""
49098,1011949,Ben,Silvagni,Carlton,senior,37,7/05/2000,196,86,VIC,Oakleigh Chargers,,""""
46054,1001028,Jack,Silvagni,Carlton,senior,1,17/12/1997,191,89,VIC,Oakleigh Chargers,55,"43"""
772,230202,Kade,Simpson,Carlton,senior,6,5/05/1984,181,76,VIC,Eastern Ranges,320,"137"""
49032,1008312,Liam,Stocker,Carlton,senior,13,23/01/2000,183,83,VIC,Sandringham Dragons,5,"0"""
2024,240359,Dale,Thomas,Carlton,senior,39,21/06/1987,185,84,VIC,Gippsland Power,253,"154"""
49003,1006094,Sam,Walsh,Carlton,senior,18,2/07/2000,183,74,VIC,Geelong Falcons,17,"4"""
46001,993832,Jacob,Weitering,Carlton,senior,23,23/11/1997,195,96,VIC,Dandenong Stingrays,72,"10"""
47088,998167,Tom,Williamson,Carlton,senior,31,12/12/1998,188,80,VIC,North Ballarat Rebels,17,"1"""
42249,291776,Taylor,Adams,Collingwood,senior,13,30/09/1993,181,83,VIC,Geelong Falcons,126,"46"""
44004,295067,James,Aish,Collingwood,senior,14,8/11/1995,183,78,SA,Norwood,81,"23"""
48229,1005013,Flynn,Appleby,Collingwood,senior,31,21/01/1999,187,80,VIC,GWV Rebels,10,"0"""
40073,271001,Dayne,Beams,Collingwood,senior,11,12/02/1990,186,86,QLD,Southport,176,"172"""
49102,1008288,Atu,Bosenvulagi,Collingwood,senior,40,17/09/2000,180,81,VIC,Oakleigh Chargers,,""""
43044,293035,Tim,Broomhead,Collingwood,rookie,29,22/03/1994,185,80,SA,Port Adelaide,36,"27"""
47038,1002770,Callum,Brown,Collingwood,senior,17,27/04/1998,178,73,VIC,Eastern Ranges,28,"12"""
48219,1008171,Tyler,Brown,Collingwood,senior,34,9/12/1999,187,71,VIC,Eastern Ranges,0,"0"""
45190,998647,Mason,Cox,Collingwood,senior,46,14/03/1991,211,108,N/A,Oklahoma State,56,"70"""
42350,293871,Jack,Crisp,Collingwood,senior,25,2/10/1993,190,91,VIC,Murray Bushrangers,127,"46"""
46036,993796,Ben,Crocker,Collingwood,senior,39,19/02/1997,188,82,VIC,Oakleigh Chargers,25,"20"""
47039,1005054,Josh,Daicos,Collingwood,senior,26,26/11/1998,178,72,VIC,Oakleigh Chargers,14,"7"""
45015,994185,Jordan,De Goey,Collingwood,senior,2,15/03/1996,191,91,VIC,Oakleigh Chargers,86,"117"""
1605,250548,Lynden,Dunn,Collingwood,senior,15,14/05/1987,192,102,VIC,Calder Cannons,196,"98"""
42303,293801,Jamie,Elliott,Collingwood,senior,5,21/08/1992,178,81,VIC,Murray Bushrangers,98,"150"""
39505,260246,Tyson,Goldsack,Collingwood,senior,6,22/05/1987,193,93,VIC,Gippsland,165,"50"""
39642,270861,Levi,Greenwood,Collingwood,senior,19,19/02/1989,181,91,SA,Port Adelaide Magpies,147,"56"""
43007,293957,Brodie,Grundy,Collingwood,senior,4,15/04/1994,203,102,SA,Sturt,125,"42"""
42240,291720,Will,Hoskin-Elliott,Collingwood,senior,32,2/09/1993,186,80,VIC,Western Jets,112,"114"""
42112,291313,Jeremy,Howe,Collingwood,senior,38,29/06/1990,190,88,TAS,Hobart,176,"88"""
49137,1013974,Mark,Keane,Collingwood,rookie,47,17/03/2000,194,96,N/A,County Cork,,""""
49037,1008285,Will,Kelly,Collingwood,senior,27,16/08/2000,193,83,VIC,Oakleigh Chargers,,""""
44073,295444,Tom,Langdon,Collingwood,senior,8,9/06/1994,190,86,VIC,Sandringham Dragons,89,"3"""
47047,1000960,Max,Lynch,Collingwood,senior,45,12/09/1998,200,97,VIC,Murray Bushrangers,0,"0"""
48237,1010841,Jack,Madgen,Collingwood,rookie,44,25/04/1993,192,93,SA,Barossa District,5,"0"""
45048,992010,Brayden,Maynard,Collingwood,senior,37,20/09/1996,189,90,VIC,Sandringham Dragons,90,"14"""
39633,280416,Chris,Mayne,Collingwood,senior,16,2/11/1988,188,84,WA,Perth,209,"205"""
42259,291849,Brody,Mihocek,Collingwood,senior,41,4/02/1993,192,97,TAS,Burnie,33,"53"""
45008,298288,Darcy,Moore,Collingwood,senior,30,25/01/1996,201,98,VIC,Oakleigh Chargers,68,"61"""
48217,1005107,Nathan,Murphy,Collingwood,senior,28,15/12/1999,188,80,VIC,Sandringham Dragons,2,"0"""
46124,1003620,Samuel,Murray,Collingwood,rookie,9,1/01/1997,187,88,VIC,Wodonga Raiders,13,"0"""
49145,1000072,John,Noble,Collingwood,senior,49,25/03/1997,180,72,,,1,"0"""
2032,260257,Scott,Pendlebury,Collingwood,senior,10,7/01/1988,191,91,VIC,Gippsland Power,293,"172"""
46060,996487,Tom,Phillips,Collingwood,senior,21,7/05/1997,187,79,VIC,Oakleigh Chargers,67,"37"""
49018,1008089,Isaac,Quaynor,Collingwood,senior,35,15/01/2000,179,82,VIC,Oakleigh Chargers,3,"0"""
39501,240232,Ben,Reid,Collingwood,senior,20,29/04/1989,196,98,VIC,Murray,148,"69"""
40032,280012,Jordan,Roughead,Collingwood,senior,23,3/11/1990,200,99,VIC,North Ballarat Rebels,154,"34"""
44011,295012,Matthew,Scharenberg,Collingwood,senior,12,18/09/1995,191,88,SA,Glenelg,33,"0"""
40008,280965,Steele,Sidebottom,Collingwood,senior,22,2/01/1991,184,86,VIC,Murray Bushrangers,227,"158"""
46083,1003029,Brayden,Sier,Collingwood,senior,36,12/12/1997,191,89,VIC,Northern Knights,18,"4"""
48159,1002240,Jaidyn,Stephenson,Collingwood,senior,1,15/01/1999,189,75,VIC,Eastern Ranges,38,"59"""
41062,290289,Josh,Thomas,Collingwood,senior,24,1/10/1991,178,77,QLD,Gold Coast,82,"75"""
49136,1013975,Anton,Tohill,Collingwood,rookie,43,14/12/1999,198,86,N/A,County Derry,,""""
42232,291790,Adam,Treloar,Collingwood,senior,7,9/03/1993,182,85,VIC,Noble Park,156,"94"""
2040,250290,Travis,Varcoe,Collingwood,senior,18,10/04/1988,180,83,SA,Central District,215,"164"""
410,230232,Daniel,Wells,Collingwood,senior,3,3/02/1985,181,85,WA,Peel Thunder,258,"171"""
46098,1001448,Rupert,Wills,Collingwood,senior,33,20/05/1993,192,87,VIC,Collingwood VFL,9,"1"""
44124,295599,Patrick,Ambrose,Essendon,senior,29,1/09/1991,193,92,VIC,Old Xaverians,81,"23"""
42359,294798,Mark,Baguley,Essendon,senior,12,21/05/1987,178,81,VIC,Frankston,133,"33"""
47066,1005721,Josh,Begley,Essendon,senior,16,3/07/1998,188,94,VIC,Eastern Ranges,14,"14"""
39690,261320,Tom,Bellchambers,Essendon,senior,2,9/07/1989,201,108,TAS,Tassie Mariners,127,"76"""
40048,290622,Mitch W.,Brown,Essendon,senior,28,28/08/1990,196,90,VIC,Sandringham Dragons,64,"62"""
47020,998109,Dylan,Clarke,Essendon,senior,37,6/09/1998,187,85,VIC,Eastern Ranges,8,"0"""
40087,290251,Zac,Clarke,Essendon,senior,20,28/09/1990,203,92,VIC,Oakleigh Chargers,103,"46"""
43009,294518,Joe,Daniher,Essendon,senior,6,4/03/1994,200,95,VIC,Calder Cannons,104,"188"""
41091,292025,Matt,Dea,Essendon,rookie,49,13/10/1991,186,85,VIC,North Ballarat,69,"2"""
47098,1005577,Sam,Draper,Essendon,senior,38,28/09/1998,203,105,SA,South Adelaide,0,"0"""
44065,296334,Orazio,Fantasia,Essendon,senior,13,14/09/1995,177,77,SA,Norwood,71,"106"""
46006,990816,Aaron,Francis,Essendon,senior,10,10/08/1997,193,92,SA,West Adelaide,22,"5"""
43109,297438,Martin,Gleeson,Essendon,senior,8,25/08/1994,191,84,VIC,North Ballarat Rebels,73,"5"""
49052,1011864,Noah,Gown,Essendon,senior,32,1/02/2000,193,91,VIC,Gippsland Power,,""""
47041,996232,Matt,Guelfi,Essendon,senior,35,14/08/1997,184,79,WA,Claremont,30,"8"""
49099,1008190,Brayden,Ham,Essendon,senior,33,25/04/1999,180,65,VIC,Geelong Falcons,2,"1"""
42307,294077,Michael,Hartley,Essendon,senior,36,7/06/1993,198,102,NSW,Penrith,42,"1"""
42022,290629,Dyson,Heppell,Essendon,senior,21,14/05/1992,189,82,VIC,Gippsland Power,166,"59"""
39630,270588,Cale,Hooker,Essendon,senior,26,13/10/1988,197,101,WA,East Fremantle,189,"85"""
48067,1000057,Jordan,Houlahan,Essendon,senior,24,19/02/1999,186,76,SA,Sturt,0,"0"""
40005,270935,Michael,Hurley,Essendon,senior,18,1/06/1990,193,92,VIC,Northern Knights,176,"108"""
49107,994073,Tom,Jok,Essendon,rookie,46,1/01/1997,193,80,VIC,Collingwood VFL,,""""
45014,298630,Kyle,Langford,Essendon,senior,4,1/12/1996,191,90,VIC,Northern Knights,59,"39"""
45011,298280,Jayden,Laverde,Essendon,senior,15,12/04/1996,191,88,VIC,Western Jets,37,"27"""
45181,298347,Jake,Long,Essendon,senior,34,3/02/1996,185,75,NT,St Marys,5,"1"""
43083,294092,Anthony,McDonald-Tipungwuti,Essendon,senior,43,22/04/1993,171,76,NT,Gippsland Power,83,"94"""
47003,998102,Andrew,McGrath,Essendon,senior,1,2/06/1998,178,78,VIC,Sandringham Dragons,58,"13"""
45191,997846,Conor,McKenna,Essendon,senior,45,28/03/1996,184,84,N/A,County Tyrone,68,"19"""
40016,280038,Shaun,McKernan,Essendon,senior,44,1/09/1990,196,100,VIC,Calder Cannons,73,"60"""
47126,294339,Ben,McNiece,Essendon,senior,41,22/03/1992,178,76,VIC,Essendon VFL,13,"0"""
44027,992016,Zach,Merrett,Essendon,senior,7,3/10/1995,180,80,VIC,Sandringham Dragons,120,"41"""
49075,1006097,Irving,Mosquito,Essendon,senior,22,24/08/2000,176,72,WA,Gippsland Power,,""""
47012,998212,Kobe,Mutch,Essendon,senior,19,18/03/1998,187,83,VIC,Bendigo Pioneers,4,"1"""
39627,261314,David,Myers,Essendon,senior,23,30/06/1989,191,88,WA,Perth,122,"40"""
48151,1004917,Trent,Mynott,Essendon,rookie,39,4/10/1999,185,73,VIC,Eastern Ranges,0,"0"""
46004,993817,Darcy,Parish,Essendon,senior,3,25/07/1997,180,78,VIC,Geelong Falcons,71,"28"""
46077,997078,Mason,Redman,Essendon,senior,27,26/08/1997,187,85,SA,Glenelg,19,"1"""
47064,1001026,Jordan,Ridley,Essendon,senior,14,20/10/1998,192,79,VIC,Oakleigh Chargers,9,"0"""
45166,295461,Adam,Saad,Essendon,senior,42,23/07/1994,178,74,VIC,Coburg,87,"4"""
42209,291783,Dylan,Shiel,Essendon,senior,9,9/03/1993,182,82,NSW,Edithvale-Aspinvale,150,"69"""
42246,291771,Devon,Smith,Essendon,senior,5,20/05/1993,176,77,VIC,Geelong Falcons,137,"119"""
46037,990606,Will,Snelling,Essendon,senior,40,6/08/1997,174,89,SA,West Adelaide,2,"2"""
43058,294654,James,Stewart,Essendon,senior,17,4/03/1994,198,94,VIC,Sandringham Dragons,45,"55"""
43012,293884,Jake,Stringer,Essendon,senior,25,25/04/1994,192,92,VIC,Bendigo Pioneers,122,"215"""
40031,270951,David,Zaharakis,Essendon,senior,11,21/02/1990,180,75,VIC,Northern Knights,203,"125"""
48076,1004034,Brandon,Zerk-Thatcher,Essendon,senior,30,25/08/1998,195,77,SA,Sturt,0,"0"""
40068,260069,Hayden,Ballantyne,Fremantle,senior,1,16/07/1987,173,79,WA,Peel Thunder,168,"253"""
48228,998180,Bailey,Banfield,Fremantle,senior,41,26/02/1998,188,87,WA,Claremont,24,"5"""
42002,291594,Harley,Bennell,Fremantle,senior,13,2/10/1992,185,85,WA,Peel Thunder,83,"95"""
49089,296371,Brett,Bewley,Fremantle,senior,34,14/04/1995,186,85,VIC,Williamstown,6,"1"""
45030,298450,Connor,Blakely,Fremantle,senior,19,3/02/1996,188,90,WA,Swan Districts,55,"2"""
48008,1002232,Andrew,Brayshaw,Fremantle,senior,8,8/11/1999,184,82,VIC,Sandringham Dragons,34,"8"""
49135,1006151,Jason,Carter,Fremantle,rookie,35,11/01/2000,182,75,WA,Dockers Academy,,""""
48003,1002239,Adam,Cerra,Fremantle,senior,5,7/10/1999,186,80,VIC,Eastern Ranges,36,"9"""
41036,280988,Travis,Colyer,Fremantle,senior,33,24/08/1991,175,75,WA,Claremont,97,"59"""
42035,290823,Reece,Conca,Fremantle,senior,6,12/08/1992,181,83,WA,Perth,121,"24"""
47065,997033,Brennan,Cox,Fremantle,senior,36,13/08/1998,193,93,SA,Woodville-West Torrens,34,"27"""
48068,1002353,Mitch,Crowden,Fremantle,senior,12,28/04/1999,175,88,SA,Sturt,10,"1"""
47075,998145,Sean,Darcy,Fremantle,senior,4,12/06/1998,201,111,VIC,Geelong Falcons,22,"4"""
48044,1002372,Hugh,Dixon,Fremantle,senior,17,26/02/1999,195,90,TAS,Kingborough Tigers,0,"0"""
47099,998115,Taylin,Duman,Fremantle,senior,44,18/04/1998,192,73,VIC,Oakleigh Chargers,19,"0"""
41049,291570,Nat,Fyfe,Fremantle,senior,7,18/09/1991,190,91,WA,Claremont,167,"142"""
48058,1002354,Stefan,Giro,Fremantle,senior,42,10/03/1999,175,72,SA,Norwood,10,"3"""
42325,295222,Joel,Hamling,Fremantle,senior,21,9/04/1993,194,90,WA,Claremont,79,"0"""
42300,295584,Bradley,Hill,Fremantle,senior,9,9/07/1993,181,78,WA,West Perth,143,"78"""
40017,280336,Stephen,Hill,Fremantle,senior,32,1/05/1990,183,82,WA,West Perth,205,"110"""
43096,296324,Jesse,Hogan,Fremantle,senior,11,12/02/1995,195,100,WA,Claremont,83,"165"""
45157,996580,Ethan,Hughes,Fremantle,senior,15,7/12/1994,187,88,WA,Swan Districts,46,"4"""
48226,296317,Scott,Jones,Fremantle,senior,40,20/05/1995,204,112,WA,East Perth,5,"2"""
42271,291949,Shane,Kersten,Fremantle,senior,22,15/03/1993,191,93,WA,South Fremantle,66,"67"""
45071,298264,Ed,Langdon,Fremantle,senior,26,2/01/1996,182,76,VIC,Sandringham Dragons,63,"28"""
44034,990740,Rory,Lobb,Fremantle,senior,37,9/02/1993,207,104,WA,Swan Districts,87,"73"""
47046,997933,Griffin,Logue,Fremantle,senior,2,13/04/1998,189,90,WA,Swan Districts,18,"1"""
41171,290817,Brandon,Matera,Fremantle,senior,3,11/03/1992,173,77,WA,South Fremantle,134,"164"""
44016,995192,Cameron,McCarthy,Fremantle,senior,23,1/04/1995,192,90,WA,South Fremantle,67,"96"""
48136,1000980,Lloyd,Meek,Fremantle,senior,30,22/04/1998,202,106,VIC,GWV Rebels,0,"0"""
1539,240052,David,Mundy,Fremantle,senior,16,20/07/1985,192,92,VIC,Murray Bushrangers,310,"134"""
48154,1003132,Tom,North,Fremantle,senior,24,14/02/1999,184,84,VIC,Eastern Ranges,0,"0"""
46115,298352,Ryan,Nyhuis,Fremantle,rookie,43,6/09/1996,188,88,NT,Nightcliff,16,"5"""
44084,298409,Alex,Pearce,Fremantle,senior,25,9/06/1995,200,98,TAS,Devonport,53,"3"""
47025,998659,Luke,Ryan,Fremantle,senior,38,6/02/1996,186,85,VIC,Coburg,48,"3"""
9,220096,Aaron,Sandilands,Fremantle,senior,31,6/12/1982,211,118,WA,East Fremantle,266,"97"""
49088,1000860,Lachlan,Schulz,Fremantle,senior,28,30/11/1997,180,80,VIC,Williamstown,3,"2"""
49051,1013611,Sam,Sturt,Fremantle,senior,27,12/05/2000,188,79,VIC,Dandenong Stingrays,,""""
48224,992059,Samuel,Switkowski,Fremantle,senior,39,20/11/1996,178,72,VIC,Box Hill Hawks,16,"5"""
43123,293854,Matt,Taberner,Fremantle,senior,20,4/04/1995,199,97,VIC,Murray Bushrangers,71,"75"""
46011,993816,Darcy,Tucker,Fremantle,senior,18,23/01/1997,183,83,VIC,North Ballarat,65,"27"""
49022,1004850,Luke,Valente,Fremantle,senior,29,8/05/2000,186,80,SA,Norwood,,""""
40020,281007,Michael,Walters,Fremantle,senior,10,7/01/1991,177,75,WA,Swan Districts,145,"252"""
49115,1004437,Tobe,Watson,Fremantle,rookie,45,3/12/1997,189,82,WA,Swan Districts,,""""
42234,294125,Nathan,Wilson,Fremantle,senior,14,7/01/1993,185,82,WA,Mandurah,114,"17"""
46012,298437,Callum,Ah Chee,Gold Coast,senior,13,9/10/1997,182,71,WA,South Fremantle,45,"24"""
47009,998130,Ben,Ainsworth,Gold Coast,senior,9,10/02/1998,178,76,VIC,Gippsland Power,37,"26"""
48089,1008882,Charlie,Ballard,Gold Coast,senior,10,23/07/1999,196,82,SA,Sturt,28,"1"""
47006,998260,Jack,Bowes,Gold Coast,senior,3,26/01/1998,187,78,QLD,Gold Coast,38,"11"""
47002,998129,Will,Brodie,Gold Coast,senior,7,23/08/1998,189,82,VIC,Murray Bushrangers,19,"3"""
48997,1000068,Chris,Burgess,Gold Coast,senior,29,26/11/1995,193,84,SA,West Adelaide,9,"3"""
46091,295446,Samuel,Collins,Gold Coast,senior,25,14/12/1997,193,94,VIC,Dandenong Stingrays,23,"0"""
48998,1005547,Josh,Corbett,Gold Coast,senior,19,23/04/1996,190,90,VIC,Werribee Tigers,9,"3"""
48010,1002350,Brayden,Crossley,Gold Coast,senior,32,16/08/1999,198,101,QLD,Labrador,10,"5"""
48019,1002331,Jacob,Dawson,Gold Coast,senior,45,3/11/1999,182,80,QLD,Palm Beach Currumbin,4,"1"""
42003,291753,Sam,Day,Gold Coast,senior,12,6/09/1992,197,102,SA,Sturt,115,"79"""
45025,991953,Corey,Ellis,Gold Coast,senior,17,9/10/1996,184,75,VIC,Western Jets,30,"7"""
46031,993799,Brayden,Fiorini,Gold Coast,senior,8,22/08/1997,186,75,VIC,Northern Knights,42,"13"""
49031,1006087,Caleb,Graham,Gold Coast,senior,46,12/09/2000,192,82,QLD,Gold Coast Academy,,""""
39619,270512,Pearce,Hanley,Gold Coast,senior,1,15/11/1988,185,85,N/A,County Mayo Ireland,156,"60"""
39564,240254,Jarrod,Harbrow,Gold Coast,senior,5,18/07/1988,178,73,VIC,Murray Bushrangers,240,"54"""
48234,1002328,Jacob,Heron,Gold Coast,senior,40,10/12/1999,180,75,QLD,Cairns Saints,11,"2"""
44063,297456,Nick,Holman,Gold Coast,senior,39,29/05/1995,187,84,VIC,Murray Bushrangers,43,"21"""
42216,291964,Jack,Hombsch,Gold Coast,senior,20,7/03/1993,194,90,SA,Sturt,115,"1"""
42114,293255,George,Horlin-Smith,Gold Coast,senior,33,22/12/1992,188,84,SA,Sturt,57,"28"""
46125,996064,Jesse,Joyce,Gold Coast,senior,38,17/08/1997,191,90,QLD,Palm Beach Currumbin,62,"2"""
49002,1006144,Ben,King,Gold Coast,senior,34,7/07/2000,201,85,VIC,Sandringham Dragons,9,"6"""
44074,294013,Sean,Lemmens,Gold Coast,senior,23,2/11/1994,184,74,SA,Port Adelaide,82,"21"""
44105,296322,Jack,Leslie,Gold Coast,rookie,21,24/07/1995,197,98,,,28,"1"""
49001,1004095,Jack,Lukosius,Gold Coast,senior,41,9/08/2000,196,84,SA,Woodville-West Torrens,16,"3"""
46110,996464,Darcy,MacPherson,Gold Coast,senior,44,29/10/1997,174,72,VIC,Footscray VFL,34,"20"""
43095,296190,Jack,Martin,Gold Coast,senior,4,29/01/1995,186,79,WA,Claremont,96,"80"""
49053,1000044,Jez,McLennan,Gold Coast,senior,43,7/09/2000,183,81,SA,Central District,,""""
42204,290671,Anthony,Miles,Gold Coast,senior,2,28/02/1992,179,80,NSW,Murray Bushrangers,85,"31"""
45043,298272,Touk,Miller,Gold Coast,senior,11,22/02/1996,178,81,VIC,Calder Cannons,95,"27"""
42326,295942,Jordan,Murdoch,Gold Coast,senior,31,23/03/1993,190,87,SA,Glenelg,120,"73"""
41173,290815,Tom,Nicholls,Gold Coast,senior,22,4/03/1992,203,102,VIC,,45,"7"""
48220,1006241,Connor,Nutting,Gold Coast,senior,42,9/10/1999,187,80,QLD,Broadbeach,0,"0"""
48212,1007881,Wil,Powell,Gold Coast,senior,27,26/08/1999,184,65,WA,Claremont,20,"9"""
49007,1001195,Izak,Rankine,Gold Coast,senior,37,23/04/2000,180,76,SA,West Adelaide,,""""
998,240712,Michael,Rischitelli,Gold Coast,senior,35,8/01/1986,185,84,VIC,Western Jets,238,"90"""
47011,998257,Brad,Scheer,Gold Coast,senior,18,31/08/1998,184,84,QLD,Gold Coast,13,"2"""
46084,998511,Joshua,Schoenfeld,Gold Coast,senior,36,3/07/1997,186,75,WA,Peel Thunder,15,"5"""
42309,294643,Alex,Sexton,Gold Coast,senior,6,3/12/1993,186,82,QLD,Redland,114,"102"""
42001,290832,David,Swallow,Gold Coast,senior,24,19/11/1992,185,86,WA,East Fremantle,134,"65"""
41160,281075,Rory,Thompson,Gold Coast,senior,16,12/03/1991,200,100,QLD,Southport,104,"7"""
45007,298524,Lachlan,Weller,Gold Coast,senior,14,23/02/1996,181,79,QLD,Broadbeach,81,"22"""
45064,297729,Harrison,Wigg,Gold Coast,rookie,26,14/10/1996,180,78,SA,North Adelaide,0,"0"""
42321,291975,Jarrod,Witts,Gold Coast,senior,28,13/09/1992,209,111,NSW,Sydney University,97,"25"""
45005,298289,Peter,Wright,Gold Coast,senior,30,8/09/1996,203,100,VIC,Calder Cannons,64,"83"""
42113,290546,Aaron,Young,Gold Coast,senior,15,6/12/1992,189,83,VIC,Eastern Ranges,99,"82"""
47092,1005530,Ryan,Abbott,Geelong,senior,45,25/06/1991,200,100,VIC,Geelong VFL,5,"4"""
552,220001,Gary,Ablett jnr,Geelong,senior,4,14/05/1984,182,87,VIC,Geelong Falcons ,337,"431"""
49109,994386,Tom,Atkins,Geelong,senior,30,18/09/1995,180,85,VIC,Geelong VFL,16,"3"""
42308,293883,Jed,Bews,Geelong,senior,24,14/12/1993,186,88,VIC,Geelong U18,74,"7"""
42367,296733,Mark,Blicavs,Geelong,senior,46,28/03/1991,198,100,VIC,AIS,148,"36"""
49049,1006101,Oscar,Brownless,Geelong,senior,20,16/02/2000,186,76,VIC,Geelong Falcons,,""""
46100,997770,Wylie,Buzza,Geelong,senior,12,2/03/1996,198,102,QLD,Mt Gravatt,9,"6"""
49047,1006152,Jordan,Clark,Geelong,senior,6,16/10/2000,182,78,WA,Claremont,16,"8"""
45013,298336,Nakia,Cockatoo,Geelong,senior,5,23/10/1996,186,89,NT,NT Thunder,34,"25"""
48160,1002242,Charlie,Constable,Geelong,senior,18,18/05/1999,191,86,VIC,Sandringham Dragons,7,"5"""
45047,298305,Jordan,Cunico,Geelong,senior,31,7/05/1996,184,78,VIC,Gippsland Power,15,"4"""
42194,291526,Luke,Dahlhaus,Geelong,senior,40,21/08/1992,179,77,VIC,Geelong Falcons,170,"118"""
39610,270917,Patrick,Dangerfield,Geelong,senior,35,5/04/1990,189,92,VIC,Geelong Falcons,239,"272"""
41020,281065,Mitch,Duncan,Geelong,senior,22,10/06/1991,188,88,WA,East Perth,194,"140"""
48143,1002228,Lachlan,Fogarty,Geelong,senior,13,1/04/1999,179,75,VIC,Western Jets,17,"5"""
49093,298211,Darcy,Fort,Geelong,senior,28,6/08/1993,205,99,SA,Central District,3,"5"""
42031,290550,Cameron,Guthrie,Geelong,senior,29,19/08/1992,187,86,VIC,Calder Cannons,152,"48"""
47113,1004870,Zach,Guthrie,Geelong,senior,39,30/06/1998,186,74,VIC,Calder Cannons,17,"0"""
39517,261510,Tom,Hawkins,Geelong,senior,26,27/07/1988,198,110,VIC,Melbourne Grammar,248,"539"""
39618,270326,Lachie,Henderson,Geelong,senior,25,14/12/1989,196,98,VIC,Geelong Falcons,165,"112"""
47106,1000937,Jack,Henry,Geelong,senior,38,29/08/1998,191,88,VIC,Geelong Falcons,37,"8"""
49081,1008940,Ben,Jarvis,Geelong,senior,10,27/07/2000,189,82,SA,Norwood,,""""
47121,998791,Jamaine,Jones,Geelong,rookie,41,29/09/1998,177,79,VIC,North Ballarat Rebels,7,"4"""
48214,295898,Tim,Kelly,Geelong,senior,11,26/07/1994,182,81,WA,South Fremantle,40,"40"""
49082,1004681,Jacob,Kennerley,Geelong,senior,21,16/06/2000,186,77,SA,Norwood,,""""
44064,296291,Jake,Kolodjashnij,Geelong,senior,8,9/08/1995,193,94,TAS,Launceston,85,"0"""
48999,997254,Nathan,Kreuger,Geelong,senior,15,25/06/1999,196,86,SA,South Adelaide,,""""
42171,294199,Sam,Menegola,Geelong,senior,27,7/03/1992,189,89,WA,East Fremantle,59,"47"""
48104,1004938,Gryan,Miers,Geelong,senior,32,30/03/1999,178,77,VIC,Geelong Falcons,17,"19"""
47087,999824,Quinton,Narkle,Geelong,senior,19,3/12/1997,180,80,WA,Perth,6,"5"""
47127,1007102,Mark,O'Connor,Geelong,senior,42,17/01/1997,189,82,N/A,County Kerry (Ireland),24,"1"""
49134,1013977,Stefan,Okunbor,Geelong,rookie,43,1/01/2000,191,84,N/A,County Kerry,,""""
47035,298419,Brandan,Parfitt,Geelong,senior,3,27/08/1998,179,79,SA,North Adelaide,48,"24"""
46038,993798,James,Parsons,Geelong,senior,34,12/04/1997,189,82,VIC,Eastern Ranges,34,"25"""
47077,1002220,Esava,Ratugolea,Geelong,senior,17,24/07/1998,195,98,VIC,Murray Bushrangers,20,"15"""
41006,291357,Gary,Rohan,Geelong,senior,23,7/06/1991,189,91,VIC,Geelong Falcons,120,"116"""
49133,1008202,Blake,Schlensog,Geelong,rookie,36,25/09/2000,195,90,VIC,Geelong Falcons,,""""
39515,250321,Joel,Selwood,Geelong,senior,14,26/05/1988,183,84,VIC,Bendigo,285,"155"""
39665,270928,Scott,Selwood,Geelong,senior,16,27/03/1990,186,88,VIC,Bendigo Pioneers,166,"43"""
47122,1004940,Sam,Simpson,Geelong,rookie,37,14/06/1998,180,68,VIC,Geelong Falcons,6,"2"""
41156,280722,Zac,Smith,Geelong,senior,9,22/02/1990,206,105,QLD,Biloela,112,"51"""
40086,280317,Rhys,Stanley,Geelong,senior,1,1/12/1990,200,100,SA,West Adelaide,129,"82"""
47076,291800,Tom,Stewart,Geelong,senior,44,15/03/1993,190,88,VIC,Geelong VFL,60,"3"""
49096,999382,Jake,Tarca,Geelong,senior,33,23/02/2000,175,75,SA,South Adelaide,,""""
39634,261497,Harry,Taylor,Geelong,senior,7,12/06/1986,195,94,WA,East Fremantle,252,"72"""
40152,292511,Zach,Tuohy,Geelong,senior,2,10/12/1989,187,91,N/A,"Laois, Ireland",179,"56"""
2028,240302,Grant,Birchall,Hawthorn,senior,14,28/01/1988,193,89,TAS,Devonport,245,"33"""
43112,295156,Kaiden,Brand,Hawthorn,senior,30,8/04/1994,198,96,SA,West Adelaide,43,"0"""
40135,280744,Luke,Breust,Hawthorn,senior,22,11/11/1990,184,84,NSW,Temora,201,"385"""
1291,210012,Shaun,Burgoyne,Hawthorn,senior,9,21/10/1982,186,89,SA,Port Adelaide,370,"284"""
42093,291327,Jonathon,Ceglar,Hawthorn,senior,18,14/02/1991,204,102,VIC,Murray Bushrangers,72,"40"""
47120,1000959,James,Cousins,Hawthorn,senior,46,19/03/1998,185,80,VIC,Murray Bushrangers,18,"9"""
39529,260288,James,Frawley,Hawthorn,senior,12,20/09/1988,193,94,VIC,Nth Ballarat,220,"24"""
46122,1003547,Conor,Glass,Hawthorn,senior,13,1/01/1997,189,84,N/A,Northern Ireland,17,"1"""
49118,1006128,Will,Golds,Hawthorn,rookie,45,6/05/2000,183,72,VIC,Oakleigh Chargers,,""""
49111,1006159,Damon,Greaves,Hawthorn,rookie,44,25/04/2000,186,75,WA,East Perth,,""""
41085,291351,Jack,Gunston,Hawthorn,senior,19,16/10/1991,193,87,VIC,Sandringham Dragons,187,"359"""
47105,1001043,Oliver,Hanrahan,Hawthorn,senior,41,27/08/1998,181,70,VIC,St Kevin's College,4,"6"""
46033,993794,Blake,Hardwick,Hawthorn,senior,15,5/02/1997,181,78,VIC,Eastern Ranges,61,"5"""
40121,291201,Ricky,Henderson,Hawthorn,senior,31,11/09/1988,188,91,VIC,Trentham,147,"77"""
45045,992462,Daniel,Howe,Hawthorn,senior,17,12/04/1995,191,85,VIC,Murray Bushrangers,58,"11"""
44022,296254,Jarman,Impey,Hawthorn,senior,4,9/07/1995,178,82,VIC,Murray Bushrangers,116,"51"""
48131,998390,Changkuoth,Jiath,Hawthorn,rookie,29,13/06/1999,185,74,VIC,Gipplsand Power,0,"0"""
48125,1004991,Harry,Jones,Hawthorn,rookie,40,15/03/1999,183,79,VIC,Murray Bushrangers,0,"0"""
49083,1006030,Jacob,Koschitzke,Hawthorn,senior,34,11/07/2000,196,93,VIC,Murray Bushrangers,,""""
42104,290683,Will,Langford,Hawthorn,rookie,0,3/07/1992,187,83,NSW,Easts,72,"24"""
47097,1000887,Mitch,Lewis,Hawthorn,senior,8,14/10/1998,198,92,VIC,Calder Cannons,11,"15"""
39657,261323,Ben,McEvoy,Hawthorn,senior,7,11/07/1989,200,102,VIC,Murray Bushrangers,202,"84"""
45063,992018,Teia,Miles,Hawthorn,senior,42,11/02/1996,180,70,VIC,Geelong Falcons,12,"5"""
42388,296452,Darren,Minchington,Hawthorn,senior,38,9/12/1993,179,81,VIC,Dandenong Stingrays,28,"22"""
44055,291334,David,Mirra,Hawthorn,senior,32,20/03/1991,186,90,VIC,Box Hill Hawks,11,"0"""
42258,291856,Tom,Mitchell,Hawthorn,senior,3,31/05/1993,182,84,WA,Claremont,109,"61"""
42311,261189,Tim,Mohr,Hawthorn,rookie,39,19/10/1988,196,104,VIC,Casey Scorpions,48,"1"""
48140,1006314,Dylan,Moore,Hawthorn,senior,36,4/08/1999,176,66,VIC,Eastern Ranges,7,"2"""
47034,1000963,Harry,Morrison,Hawthorn,senior,1,12/10/1998,180,73,VIC,Murray Bushrangers,31,"5"""
47131,1007124,Conor,Nash,Hawthorn,senior,11,1/10/1998,197,92,N/A,Leinster (Ireland),14,"6"""
43052,296041,Tim,O'Brien,Hawthorn,senior,23,28/03/1994,193,87,SA,Glenelg,58,"40"""
42265,294613,Jaeger,O'Meara,Hawthorn,senior,10,23/02/1994,183,84,WA,Dongara,87,"52"""
45123,298290,Marc,Pittonet,Hawthorn,senior,27,3/06/1996,202,105,VIC,Oakleigh Chargers,7,"0"""
42135,260710,Paul,Puopolo,Hawthorn,senior,28,2/12/1987,173,78,SA,Norwood,184,"177"""
48223,1004919,Jackson,Ross,Hawthorn,senior,37,22/06/1999,193,74,VIC,Eastern Ranges,0,"0"""
1568,240357,Jarryd,Roughead,Hawthorn,senior,2,23/01/1987,193,98,VIC,Gippsland Power,281,"570"""
40044,281301,Ryan,Schoenmakers,Hawthorn,senior,25,8/11/1990,195,93,SA,Norwood,121,"51"""
47014,998114,Jack,Scrimshaw,Hawthorn,senior,35,4/09/1998,193,84,VIC,Sandringham Dragons,13,"0"""
41001,280969,Tom,Scully,Hawthorn,senior,21,15/05/1991,181,79,VIC,Dandenong Stingrays,167,"81"""
40067,280737,Liam,Shiels,Hawthorn,senior,26,29/04/1991,183,84,VIC,Eastern Ranges,199,"73"""
44040,297566,James,Sicily,Hawthorn,senior,6,6/01/1995,186,83,VIC,Western Jets,77,"55"""
42107,294877,Isaac,Smith,Hawthorn,senior,16,30/12/1988,188,83,VIC,North Ballarat,194,"156"""
41092,280471,Ben,Stratton,Hawthorn,senior,24,1/03/1989,189,88,WA,East Perth,182,"1"""
49092,1002590,Mathew,Walker,Hawthorn,senior,33,14/02/2000,188,84,VIC,GWS Academy,,""""
42251,291962,Chad,Wingard,Hawthorn,senior,20,29/07/1993,183,82,SA,Sturt,156,"241"""
48126,1002222,James,Worpel,Hawthorn,senior,5,24/01/1999,185,86,VIC,Geelong Falcons,28,"12"""
48218,1008855,Oskar,Baker,Melbourne,senior,33,22/11/1999,182,76,QLD,Aspley,6,"2"""
49055,1008139,Toby,Bedford,Melbourne,senior,12,27/05/2000,176,65,VIC,Dandenong Stingrays,,""""
49131,1014081,Austin,Bradtke,Melbourne,rookie,46,27/05/2000,204,88,VIC,Haileybury College,,""""
45002,298279,Angus,Brayshaw,Melbourne,senior,10,9/01/1996,187,90,VIC,Sandringham Dragons,75,"35"""
49112,1005330,Kade,Chandler,Melbourne,rookie,37,15/07/1999,173,73,SA,Norwood,,""""
49144,1006106,Kyle,Dunkley,Melbourne,senior,48,20/06/2000,185,84,VIC,Gippsland Power,2,"1"""
48216,1001438,Bayley,Fritsch,Melbourne,senior,31,6/12/1996,187,80,VIC,Casey Demons,40,"27"""
42269,293738,Sam,Frost,Melbourne,senior,17,28/08/1993,194,94,VIC,Sandringham Dragons,86,"8"""
40117,270653,Jeff,Garlett,Melbourne,senior,36,3/08/1989,180,75,WA,Swan Districts,185,"321"""
41056,290528,Max,Gawn,Melbourne,senior,11,30/12/1991,208,111,VIC,Sandringham Dragons,115,"54"""
47078,1001449,Mitch,Hannan,Melbourne,senior,19,9/04/1994,189,81,VIC,Footscray VFL,41,"48"""
44114,297899,James,Harmes,Melbourne,senior,4,5/10/1995,185,85,VIC,Dandenong Stingrays,86,"54"""
42158,290160,Michael,Hibberd,Melbourne,senior,14,3/01/1990,186,90,VIC,Frankston,137,"13"""
49087,996692,Marty,Hore,Melbourne,senior,34,5/03/1996,190,82,VIC,Collingwood VFL,12,"1"""
44109,994385,Jayden,Hunt,Melbourne,senior,29,3/04/1995,187,85,VIC,Brighton Grammar,64,"29"""
40024,281280,Neville,Jetta,Melbourne,senior,39,12/02/1990,180,81,WA,Swan Districts,147,"24"""
2031,250222,Nathan,Jones,Melbourne,senior,2,20/01/1988,180,87,VIC,Dandenong Stingrays,281,"137"""
49073,1013409,James,Jordon,Melbourne,senior,23,20/12/2000,186,81,VIC,Oakleigh Chargers,,""""
47117,992465,Declan,Keilty,Melbourne,senior,45,8/05/1995,194,93,VIC,Casey Scorpions,2,"0"""
44025,296343,Jay,Kennedy-Harris,Melbourne,senior,24,21/03/1995,173,75,VIC,Oakleigh Chargers,35,"12"""
44005,296209,Kade,Kolodjashnij,Melbourne,senior,16,9/08/1995,190,85,TAS,Launceston,80,"14"""
45003,298281,Jake,Lever,Melbourne,senior,8,5/03/1996,195,93,VIC,Calder Cannons,70,"3"""
1582,250089,Jordan,Lewis,Melbourne,senior,6,24/04/1986,186,87,VIC,Geelong Falcons,313,"158"""
49143,298390,Jay,Lockhart,Melbourne,senior,41,3/02/1996,177,75,TAS,Casey Demons,12,"9"""
42006,281085,Steven,May,Melbourne,senior,1,10/01/1992,193,102,NT,Southern Districts,130,"22"""
47132,1007125,Corey,Maynard,Melbourne,senior,20,7/10/1991,185,91,QLD,Townsville Crocs,2,"1"""
45039,992472,Oscar,McDonald,Melbourne,senior,28,18/03/1996,196,97,VIC,North Ballarat,71,"0"""
42125,291533,Tom,McDonald,Melbourne,senior,25,18/09/1992,194,101,VIC,North Ballarat,161,"102"""
41027,280824,Jake,Melksham,Melbourne,senior,18,29/08/1991,186,82,VIC,Calder Cannons,164,"120"""
45031,296420,Alex,Neal-Bullen,Melbourne,senior,30,9/01/1996,182,82,SA,Glenelg,70,"54"""
49084,1004695,Aaron,Nietschke,Melbourne,senior,27,26/05/2000,184,77,SA,Central District,,""""
46027,996701,Clayton,Oliver,Melbourne,senior,13,22/07/1997,187,88,VIC,Murray Bushrangers,77,"25"""
45001,298210,Christian,Petracca,Melbourne,senior,5,4/01/1996,186,94,VIC,Eastern Ranges,80,"75"""
48090,1008893,Harrison,Petty,Melbourne,senior,35,12/11/1999,194,81,SA,Norwood,8,"4"""
45159,992644,Braydon,Preuss,Melbourne,senior,21,16/06/1995,206,109,QLD,Surfers Paradise,13,"9"""
44008,296359,Christian,Salem,Melbourne,senior,3,15/07/1995,183,83,VIC,Sandringham Dragons,85,"19"""
46116,1003546,Joel,Smith,Melbourne,senior,44,25/02/1996,191,87,VIC,Geelong Supercats,11,"1"""
47110,294823,Tim,Smith,Melbourne,senior,38,20/02/1991,192,94,VIC,Casey Scorpions,12,"10"""
48011,1002282,Charlie,Spargo,Melbourne,senior,9,25/11/1999,172,70,NSW,Murray Bushrangers,24,"16"""
49071,999391,Tom,Sparrow,Melbourne,senior,32,31/05/2000,183,83,SA,South Adelaide,2,"1"""
45022,297139,Billy,Stretch,Melbourne,senior,15,8/09/1996,180,80,SA,Glenelg,45,"10"""
45149,297990,Aaron,Vandenberg,Melbourne,senior,22,3/03/1992,188,90,ACT,Ainslie,35,"22"""
43003,291902,Jack,Viney,Melbourne,senior,7,13/04/1994,178,86,VIC,Oakleigh Chargers,114,"31"""
46069,993940,Corey,Wagner,Melbourne,senior,40,23/03/1997,180,71,QLD,Aspley,14,"3"""
46102,294675,Joshua,Wagner,Melbourne,senior,42,24/06/1994,189,85,QLD,Aspley,39,"2"""
49130,1014082,Guy,Walker,Melbourne,rookie,43,12/09/1995,186,78,VIC,Maribyrnong Park,,""""
46007,993806,Sam,Weideman,Melbourne,senior,26,26/06/1997,195,94,VIC,Eastern Ranges,31,"27"""
45019,298271,Paul,Ahern,North Melbourne,senior,15,1/08/1996,182,83,VIC,Calder Cannons,15,"5"""
43099,291861,Jed,Anderson,North Melbourne,senior,3,16/02/1994,179,81,NT,Darwin,59,"21"""
42007,290787,Shaun,Atley,North Melbourne,senior,18,13/09/1992,189,86,VIC,Murray Bushrangers,193,"43"""
44043,291867,Ben,Brown,North Melbourne,senior,50,20/11/1992,200,101,VIC,Werribee,105,"243"""
42394,290246,Tom,Campbell,North Melbourne,senior,42,2/11/1991,200,106,VIC,Bendigo Bombers,44,"24"""
49097,1006138,Joel,Crocker,North Melbourne,senior,36,14/04/2000,188,77,VIC,Sandringham Dragons,,""""
41005,280921,Ben,Cunnington,North Melbourne,senior,10,30/06/1991,185,88,VIC,Geelong Falcons,204,"84"""
48004,1002267,Luke,Davies-Uniacke,North Melbourne,senior,9,8/06/1999,187,85,VIC,Dandenong Stingrays,19,"5"""
41109,290199,Majak,Daw,North Melbourne,senior,1,11/03/1991,195,97,VIC,Western Jets,50,"40"""
44017,296035,Trent,Dumont,North Melbourne,senior,14,30/06/1995,186,86,SA,Norwood,77,"23"""
45006,297767,Sam,Durdin,North Melbourne,senior,24,6/06/1996,198,95,SA,West Adelaide,15,"1"""
43024,296078,Taylor,Garner,North Melbourne,senior,6,8/01/1994,187,88,VIC,Dandenong Stingrays,38,"26"""
39526,271129,Todd,Goldstein,North Melbourne,senior,22,1/07/1988,201,103,VIC,Oakleigh,229,"117"""
42368,296735,Aaron,Hall,North Melbourne,senior,43,9/11/1990,185,84,TAS,Hobart,109,"80"""
48196,998327,Kyron,Hayden,North Melbourne,senior,37,6/06/1999,186,87,WA,Subiaco,1,"0"""
2025,260227,Shaun,Higgins,North Melbourne,senior,4,4/03/1988,184,89,VIC,Geelong Falcons,215,"215"""
43045,294556,Nathan,Hrovat,North Melbourne,senior,8,7/06/1994,175,78,VIC,Northern Knights,67,"35"""
42029,290802,Ben,Jacobs,North Melbourne,senior,5,9/01/1992,185,85,VIC,Sandringham Dragons,90,"15"""
47095,1001017,Nick,Larkey,North Melbourne,senior,20,6/06/1998,198,85,VIC,Oakleigh Chargers,14,"19"""
41087,290194,Jamie,Macmillan,North Melbourne,senior,34,23/09/1991,188,89,VIC,Oakleigh Chargers,152,"45"""
43503,296355,Luke,McDonald,North Melbourne,senior,11,9/02/1995,189,88,VIC,Werribee,109,"16"""
46080,1002143,Ben,McKay,North Melbourne,senior,23,24/12/1997,199,95,VIC,Gippsland Power,4,"0"""
49033,1008261,Tom,McKenzie,North Melbourne,rookie,39,23/06/2000,183,71,VIC,Northern Knights,,""""
49129,1014044,Red Óg,Murphy,North Melbourne,rookie,45,11/10/2000,185,84,N/A,Ulster (Ireland),,""""
48227,1000905,Tom,Murphy,North Melbourne,rookie,40,19/01/1998,187,79,VIC,Dandenong Stingrays,4,"0"""
41050,290156,Jasper,Pittard,North Melbourne,senior,17,1/01/1991,186,81,VIC,Geelong Falcons,143,"12"""
42008,290738,Jared,Polec,North Melbourne,senior,13,12/10/1992,187,82,SA,Woodville-West Torrens,123,"67"""
49021,1006058,Bailey,Scott,North Melbourne,senior,30,9/07/2000,184,70,QLD,Gold Coast Academy,4,"3"""
47026,993998,Jy,Simpkin,North Melbourne,senior,12,5/03/1998,182,75,VIC,Murray Bushrangers,51,"26"""
39641,270325,Robbie,Tarrant,North Melbourne,senior,25,25/04/1989,196,97,VIC,Bendigo Pioneers,143,"44"""
49010,1006137,Curtis,Taylor,North Melbourne,senior,31,6/04/2000,188,82,VIC,Calder Cannons,2,"0"""
49008,1005729,Tarryn,Thomas,North Melbourne,senior,26,25/03/2000,187,68,TAS,North Launceston,15,"15"""
39643,281395,Scott D.,Thompson,North Melbourne,senior,16,9/05/1986,193,96,VIC,Geelong,237,"7"""
44123,992499,Kayne,Turner,North Melbourne,senior,28,31/12/1995,180,75,VIC,Wodonga,75,"53"""
42237,291784,Dom,Tyson,North Melbourne,senior,21,8/06/1993,186,86,VIC,Oakleigh Chargers,110,"45"""
45016,298287,Ed,Vickers-Willis,North Melbourne,senior,33,28/03/1996,190,86,VIC,Sandringham Dragons,15,"0"""
48213,1005084,Will,Walker,North Melbourne,senior,27,30/03/1999,187,78,VIC,Sandringham Dragons,4,"4"""
47073,998266,Declan,Watson,North Melbourne,senior,35,17/09/1998,191,83,QLD,Aspley,0,"0"""
49120,992076,Thomas,Wilkinson,North Melbourne,rookie,41,7/03/1996,181,82,VIC,Southport,,""""
42356,295256,Marley,Williams,North Melbourne,senior,2,22/07/1993,181,83,WA,Claremont,114,"10"""
43071,295340,Mason,Wood,North Melbourne,senior,32,13/09/1993,192,87,VIC,Geelong Falcons,53,"68"""
40050,280864,Sam,Wright,North Melbourne,senior,19,15/07/1990,188,85,VIC,Murray Bushrangers,136,"58"""
48171,1004965,Tristan,Xerri,North Melbourne,senior,38,15/03/1999,202,96,VIC,Western Jets,0,"0"""
40006,280944,Jack,Ziebell,North Melbourne,senior,7,28/02/1991,188,88,VIC,Murray Bushrangers,205,"156"""
47103,998484,Cameron,Zurhaar,North Melbourne,senior,44,22/05/1998,188,81,WA,East Fremantle,23,"25"""
44054,297354,Karl,Amon,Port Adelaide,senior,15,19/08/1995,181,79,VIC,Sandringham Dragons,54,"27"""
47037,998126,Joe,Atley,Port Adelaide,senior,30,4/08/1998,186,85,VIC,Bendigo Pioneers,4,"0"""
39533,250365,Travis,Boak,Port Adelaide,senior,10,1/08/1988,184,85,VIC,Geelong Falcons,259,"169"""
46022,994599,Riley,Bonner,Port Adelaide,senior,26,7/03/1997,191,82,SA,West Adelaide,37,"7"""
40023,271078,Matthew,Broadbent,Port Adelaide,senior,5,1/08/1990,189,90,SA,Woodville-West Torrens,166,"52"""
46017,992128,Ryan,Burton,Port Adelaide,senior,3,31/01/1997,191,90,SA,North Adelaide,61,"9"""
49024,1006121,Zak,Butters,Port Adelaide,senior,18,8/09/2000,178,70,VIC,Western Jets,16,"11"""
44039,991930,Darcy,Byrne-Jones,Port Adelaide,senior,33,20/09/1995,180,76,VIC,Oakleigh Chargers,81,"6"""
43016,294504,Tom,Clurey,Port Adelaide,senior,17,23/03/1994,193,93,VIC,Murray Bushrangers,77,"0"""
49108,1002355,Tobin,Cox,Port Adelaide,rookie,47,15/07/1999,177,77,SA,Glenelg,,""""
41153,280711,Charlie,Dixon,Port Adelaide,senior,22,23/09/1990,200,105,QLD,Redland,131,"205"""
47010,1000972,Willem,Drew,Port Adelaide,senior,28,10/01/1998,188,80,VIC,North Ballarat Rebels,9,"2"""
49014,1006096,Xavier,Duursma,Port Adelaide,senior,21,7/07/2000,185,71,VIC,Gippsland Power,16,"8"""
39664,261911,Brad,Ebert,Port Adelaide,senior,7,2/04/1990,188,89,SA,Port Adelaide Magpies,246,"129"""
48101,1002253,Kane,Farrell,Port Adelaide,senior,24,17/03/1999,182,74,VIC,Bendigo Pioneers,12,"17"""
45147,991773,Billy,Frampton,Port Adelaide,senior,14,20/11/1996,200,96,WA,South Fremantle,3,"4"""
49127,999320,Martin,Frederick,Port Adelaide,rookie,45,17/05/2000,178,74,SA,Woodville-West Torrens,,""""
48147,998321,Joel,Garner,Port Adelaide,senior,27,21/05/1999,184,83,VIC,Eastern Ranges,3,"0"""
39536,261396,Robbie,Gray,Port Adelaide,senior,9,30/03/1988,183,84,VIC,Oakleigh,211,"303"""
44125,290722,Sam,Gray,Port Adelaide,senior,46,1/02/1992,176,78,SA,Port Adelaide (SANFL),91,"81"""
49100,1004829,Riley,Grundy,Port Adelaide,senior,41,28/07/2000,194,84,SA,Sturt,,""""
40004,261892,Hamish,Hartlett,Port Adelaide,senior,8,14/08/1990,183,83,SA,West Adelaide,159,"73"""
48172,1002248,Sam,Hayes,Port Adelaide,senior,25,9/06/1999,203,93,VIC,Eastern Ranges,0,"0"""
46067,992258,Cameron,Hewett,Port Adelaide,rookie,44,26/02/1997,189,78,SA,North Adelaide,0,"0"""
46035,994295,Dan,Houston,Port Adelaide,senior,43,12/05/1997,187,85,VIC,Oakleigh Chargers,55,"6"""
45129,993480,Dougal,Howard,Port Adelaide,senior,32,25/03/1996,199,92,VIC,Murray Bushrangers,44,"12"""
46030,298430,Aidyn,Johnson,Port Adelaide,senior,31,31/10/1997,185,81,VIC,Bendigo Pioneers,11,"8"""
42180,292145,Tom,Jonas,Port Adelaide,senior,42,9/01/1991,189,89,SA,Norwood,134,"1"""
47032,997142,Peter,Ladhams,Port Adelaide,senior,38,14/01/1998,203,94,SA,Norwood,2,"2"""
47118,293987,Jarrod,Lienert,Port Adelaide,senior,40,5/08/1994,193,89,SA,Sturt,13,"0"""
42013,290746,Scott,Lycett,Port Adelaide,senior,29,26/09/1992,203,103,SA,Port Magpies,91,"51"""
47005,1004998,Todd,Marshall,Port Adelaide,senior,13,8/10/1998,198,88,NSW,Murray Bushrangers,16,"15"""
43005,293603,Sam,Mayes,Port Adelaide,senior,34,20/05/1994,188,86,SA,North Adelaide,101,"26"""
41168,290527,Trent,McKenzie,Port Adelaide,senior,12,3/04/1992,190,86,VIC,Western Jets,107,"22"""
40109,280990,Steven,Motlop,Port Adelaide,senior,6,12/03/1991,185,85,NT,Wanderers,168,"192"""
48183,1002392,Jake,Patmore,Port Adelaide,senior,37,29/01/1999,181,72,WA,Claremont,0,"0"""
47017,993979,Sam,Powell-Pepper,Port Adelaide,senior,2,8/01/1998,187,91,WA,East Perth,53,"30"""
49128,1004716,Kai,Pudney,Port Adelaide,rookie,48,9/01/2000,186,78,SA,Woodville-West Torrens,,""""
40026,270919,Tom,Rockliff,Port Adelaide,senior,11,22/02/1990,185,82,VIC,Murray Bushrangers,185,"95"""
49016,1001299,Connor,Rozee,Port Adelaide,senior,20,22/01/2000,184,72,SA,North Adelaide,17,"20"""
2023,250267,Patrick,Ryder,Port Adelaide,senior,4,14/03/1988,197,92,WA,East Fremantle,238,"168"""
42324,290733,Cameron,Sutcliffe,Port Adelaide,senior,50,23/05/1992,186,87,SA,Woodville-West Torrens,105,"19"""
41002,280608,Jack,Trengove,Port Adelaide,senior,19,2/09/1991,185,85,SA,Sturt,89,"39"""
40001,280972,Jack,Watts,Port Adelaide,senior,23,26/03/1991,196,93,VIC,Sandringham Dragons,174,"161"""
39537,260750,Justin,Westhoff,Port Adelaide,senior,39,1/10/1986,200,93,SA,Central Districts,263,"301"""
43006,294318,Ollie,Wines,Port Adelaide,senior,16,7/10/1994,190,97,VIC,Bendigo Pioneers,138,"61"""
49101,999346,Boyd,Woodcock,Port Adelaide,senior,36,5/03/2000,175,71,SA,North Adelaide,,""""
49113,992786,Jake,Aarts,Richmond,rookie,39,8/12/1994,180,76,VIC,Richmond VFL,,""""
41040,290198,David,Astbury,Richmond,senior,12,26/02/1991,195,94,VIC,North Ballarat Rebels,121,"9"""
48231,1000223,Liam,Baker,Richmond,senior,48,27/01/1999,176,70,WA,Subiaco,14,"9"""
48005,1002245,Noah,Balta,Richmond,senior,38,23/10/1999,195,95,VIC,Calder Cannons,12,"6"""
47019,993993,Shai,Bolton,Richmond,senior,29,8/12/1998,175,70,WA,South Fremantle,20,"14"""
46099,295203,Nathan,Broad,Richmond,senior,35,15/04/1993,192,85,WA,Swan Districts,46,"1"""
45058,992374,Daniel,Butler,Richmond,senior,7,6/03/1996,182,80,VIC,North Ballarat,44,"53"""
42018,290623,Josh,Caddy,Richmond,senior,22,28/09/1992,186,88,VIC,Northern Knights,148,"154"""
45057,991933,Jason,Castagna,Richmond,senior,11,12/06/1996,181,79,VIC,Northern Knights,68,"74"""
46040,994077,Mabior,Chol,Richmond,senior,41,29/01/1997,198,91,QLD,Yeronga,6,"7"""
48100,1000061,Callum,Coleman-Jones,Richmond,senior,40,13/06/1999,201,99,SA,Sturt,1,"0"""
49020,1008297,Riley,Collier-Dawkins,Richmond,senior,26,3/02/2000,193,88,VIC,Oakleigh Chargers,,""""
39654,270896,Trent,Cotchin,Richmond,senior,9,7/04/1990,185,85,VIC,Northern Knights,229,"125"""
39540,260930,Shane,Edwards,Richmond,senior,10,25/10/1988,182,81,SA,Nth Adelaide,247,"158"""
42241,293713,Brandon,Ellis,Richmond,senior,5,3/08/1993,181,81,VIC,Calder Cannons,168,"57"""
49091,1006536,Luke,English,Richmond,senior,32,20/08/2000,183,80,WA,Perth,,""""
47094,998218,Ryan,Garthwaite,Richmond,senior,42,30/06/1998,192,84,VIC,Murray Bushrangers,9,"0"""
47027,990827,Jack,Graham,Richmond,senior,34,25/02/1998,180,83,SA,North Adelaide,32,"13"""
39497,250298,Shaun,Grigg,Richmond,senior,6,19/04/1988,190,85,VIC,Nth Ballarat,214,"96"""
41058,280819,Dylan,Grimes,Richmond,senior,2,16/07/1991,193,89,VIC,Northern Knights,143,"3"""
48141,1002227,Jack,Higgins,Richmond,senior,13,19/03/1999,178,77,VIC,Oakleigh Chargers,33,"24"""
39510,250312,Bachar,Houli,Richmond,senior,14,12/05/1988,180,84,VIC,Western Jets,199,"42"""
45180,290032,Kane,Lambert,Richmond,senior,23,26/11/1991,178,77,VIC,Williamstown,87,"53"""
42026,293813,Tom J.,Lynch,Richmond,senior,19,31/10/1992,199,98,VIC,Dandenong Stingrays,148,"294"""
45062,298358,Oleg,Markov,Richmond,senior,31,8/05/1995,188,78,SA,North Adelaide,17,"3"""
41008,290847,Dustin,Martin,Richmond,senior,4,26/06/1991,187,88,VIC,Bendigo Pioneers,217,"232"""
43070,294592,Kamdyn,McIntosh,Richmond,senior,33,3/04/1994,192,91,WA,Peel Thunder,90,"26"""
45028,992015,Connor,Menadue,Richmond,senior,37,19/09/1996,187,76,VIC,Western Jets,39,"11"""
48202,1002403,Ben,Miller,Richmond,senior,46,31/08/1999,196,98,WA,Subiaco,0,"0"""
46104,998569,Callum,Moore,Richmond,senior,36,3/09/1996,193,90,VIC,Calder Cannons,8,"5"""
48144,1002231,Patrick,Naish,Richmond,senior,45,15/01/1999,181,69,VIC,Northern Knights,2,"1"""
44044,298174,Toby,Nankervis,Richmond,senior,25,12/08/1994,199,106,TAS,North Launceston,67,"25"""
42032,290627,Dion,Prestia,Richmond,senior,3,12/10/1992,175,81,VIC,Calder Cannons,147,"49"""
39655,261362,Alex,Rance,Richmond,senior,18,9/10/1989,194,96,WA,Swan Districts,200,"9"""
39539,250395,Jack,Riewoldt,Richmond,senior,8,31/10/1988,195,91,TAS,Tassie Mariners,254,"614"""
46056,1000981,Daniel,Rioli,Richmond,senior,17,16/04/1997,179,75,NT,St Mary's,69,"63"""
49077,1006133,Jack,Ross,Richmond,senior,27,3/09/2000,186,85,VIC,Oakleigh Chargers,5,"1"""
45156,992049,Jayden,Short,Richmond,senior,15,24/01/1996,177,75,VIC,Northern Knights,63,"19"""
48239,1006276,Derek,Smith,Richmond,senior,43,4/05/1998,180,80,NT,Bendigo Pioneers,2,"0"""
45192,998529,Ivan,Soldo,Richmond,senior,47,1/01/1996,204,106,VIC,Northern Knights,15,"3"""
49039,1002583,Sydney,Stack,Richmond,senior,44,28/04/2000,179,72,WA,Perth,15,"9"""
42212,291891,Jacob,Townsend,Richmond,rookie,21,20/06/1993,187,89,NSW,Leeton,48,"32"""
49048,1006208,Fraser,Turner,Richmond,senior,28,26/12/2000,186,75,TAS,Clarence,,""""
43018,294674,Nick,Vlastuin,Richmond,senior,1,19/04/1994,187,86,VIC,Northern Knights,133,"26"""
41163,281024,Maverick,Weller,Richmond,senior,16,13/02/1992,182,88,TAS,Burnie,123,"59"""
44013,296294,Blake,Acres,St Kilda,senior,8,7/10/1995,190,90,WA,West Perth ,71,"29"""
49126,1013976,Sam,Alabakis,St Kilda,rookie,45,2/05/1997,211,99,WA,Perth Wildcats,,""""
39544,250340,David,Armitage,St Kilda,senior,20,16/06/1988,183,86,QLD,Morningside,169,"98"""
45140,298091,Logan,Austin,St Kilda,senior,24,8/07/1995,196,92,ACT,Belconnen,20,"0"""
47016,998134,Josh,Battle,St Kilda,senior,26,1/09/1998,193,89,VIC,Dandenong Stingrays,22,"10"""
44003,296351,Jack,Billings,St Kilda,senior,15,18/08/1995,184,84,VIC,Oakleigh Chargers,102,"75"""
39502,260310,Nathan,Brown,St Kilda,senior,22,17/12/1988,195,98,VIC,Nth Ballarat,178,"7"""
42208,291492,Josh,Bruce,St Kilda,senior,27,8/06/1992,197,102,NSW,Eastlake,108,"163"""
49029,1002922,Jack,Bytel,St Kilda,senior,23,14/03/2000,188,79,VIC,Calder Cannons,,""""
41021,290641,Jake,Carlisle,St Kilda,senior,2,1/10/1991,201,102,VIC,Calder Cannons,129,"60"""
48119,1002264,Hunter,Clark,St Kilda,senior,11,26/03/1999,186,80,VIC,Dandenong Stingrays,24,"5"""
48123,1002266,Oscar,Clavarino,St Kilda,senior,38,22/05/1999,196,85,VIC,Dandenong Stingrays,0,"0"""
48161,1005717,Nicholas,Coffield,St Kilda,senior,1,23/10/1999,191,82,VIC,Northern Knights,15,"1"""
44018,294429,Luke,Dunstan,St Kilda,senior,7,29/01/1995,184,84,SA,Woodville-West Torrens,98,"44"""
39568,260113,Jarryn,Geary,St Kilda,senior,14,23/06/1988,182,82,VIC,Bendigo Pioneers,188,"28"""
46026,298421,Jade,Gresham,St Kilda,senior,4,24/08/1997,177,76,VIC,Northern Knights,79,"90"""
40036,290117,Dan,Hannebery,St Kilda,senior,10,24/02/1991,181,76,VIC,Oakleigh Chargers,208,"95"""
49085,297452,Nick,Hind,St Kilda,senior,40,19/08/1994,180,70,VIC,Essendon VFL,6,"7"""
47136,1003520,Darragh,Joyce,St Kilda,senior,39,1/06/1997,194,93,N/A,Kilkenny (Ireland),5,"0"""
43062,294570,Dean,Kent,St Kilda,senior,25,24/02/1994,179,84,WA,Perth,76,"75"""
49004,1006143,Max,King,St Kilda,senior,12,7/07/2000,201,86,VIC,Sandringham Dragons,,""""
48029,1004989,Doulton,Langlands,St Kilda,rookie,46,29/07/1999,187,80,NSW,Murray Bushrangers,1,"1"""
47072,993917,Ben,Long,St Kilda,senior,21,21/08/1997,182,73,NT,St Marys,25,"16"""
42238,291828,Billy,Longer,St Kilda,senior,18,12/05/1993,202,100,VIC,Northern Knights,66,"4"""
45034,992000,Jack,Lonie,St Kilda,senior,13,13/08/1996,174,71,VIC,Dandenong Stingrays,58,"55"""
44019,990548,Jonathon,Marsh,St Kilda,senior,43,17/10/1995,191,89,WA,East Fremantle,20,"1"""
47102,992468,Rowan,Marshall,St Kilda,senior,19,24/11/1995,201,98,VIC,North Ballarat Rebels,28,"14"""
45004,298312,Paddy,McCartin,St Kilda,senior,32,19/04/1996,194,95,VIC,Geelong Falcons,35,"34"""
45044,298265,Daniel,McKenzie,St Kilda,senior,36,17/05/1996,184,77,VIC,Oakleigh Chargers,48,"3"""
43041,294596,Tim,Membrey,St Kilda,senior,28,26/05/1994,188,88,VIC,Gippsland Power,87,"157"""
42337,291773,Jack,Newnes,St Kilda,senior,16,24/02/1993,184,81,VIC,Northern Knights,151,"54"""
49080,1000267,Matthew,Parker,St Kilda,senior,34,25/01/1996,187,79,WA,South Fremantle,16,"15"""
48105,1004985,Ben,Paton,St Kilda,senior,33,19/10/1998,186,77,VIC,Murray Bushrangers,13,"4"""
47085,1002213,Ed,Phillips,St Kilda,senior,30,29/03/1998,186,78,VIC,Oakleigh Chargers,11,"1"""
43114,294621,Lewis,Pierce,St Kilda,senior,42,16/11/1994,202,101,VIC,Dandenong Stingrays,5,"1"""
46028,996716,Bailey,Rice,St Kilda,senior,37,10/02/1997,184,86,VIC,Dandenong Stingrays,11,"0"""
41093,280933,Dylan,Roberton,St Kilda,senior,17,21/06/1991,194,94,VIC,Dandenong Stingrays,128,"20"""
42336,293846,Seb,Ross,St Kilda,senior,6,7/05/1993,187,87,VIC,North Ballarat,119,"17"""
40100,280858,Shane,Savage,St Kilda,senior,5,5/01/1991,186,82,VIC,Dandenong Stingrays,158,"62"""
45148,994389,Jack,Sinclair,St Kilda,senior,35,12/02/1995,180,81,VIC,Oakleigh Chargers,81,"40"""
45023,296205,Jack,Steele,St Kilda,senior,9,13/12/1995,187,88,ACT,Belconnen,73,"24"""
39658,270912,Jack,Steven,St Kilda,senior,3,28/03/1990,180,83,VIC,Geelong Falcons,180,"108"""
42254,290757,Jimmy,Webster,St Kilda,senior,29,28/06/1993,188,83,TAS,Glenorchy,93,"3"""
46076,993821,Brandon,White,St Kilda,senior,31,13/01/1997,188,80,VIC,Dandenong Stingrays,11,"1"""
49104,296422,Callum,Wilkie,St Kilda,senior,44,10/03/1996,191,87,SA,North Adelaide,17,"0"""
49095,295015,Robbie,Young,St Kilda,senior,41,2/03/1995,179,75,SA,North Adelaide,3,"2"""
44107,294469,Aliir,Aliir,Sydney,senior,36,5/09/1994,194,95,WA,East Fremantle,44,"2"""
48232,1008091,Joel,Amartey,Sydney,rookie,46,2/07/1999,195,85,VIC,Sandringham Dragons,0,"0"""
49124,1002291,James,Bell,Sydney,rookie,32,10/02/1999,183,79,NSW,Swans Academy,,""""
49005,1006028,Nick,Blakey,Sydney,senior,22,27/02/2000,194,75,NSW,Sydney Academy,16,"15"""
47079,990291,Darcy,Cameron,Sydney,senior,17,18/07/1995,203,101,WA,Claremont,1,"0"""
46023,996442,Ryan,Clarke,Sydney,senior,4,17/06/1997,184,87,VIC,Eastern Ranges,50,"8"""
42390,291978,Harry,Cunningham,Sydney,senior,7,6/12/1993,181,77,NSW,Turvey Park,113,"48"""
46092,992242,Jordan,Dawson,Sydney,senior,34,9/04/1997,190,84,SA,Sturt,20,"13"""
47040,998103,Oliver,Florent,Sydney,senior,13,22/07/1998,183,74,VIC,Sandringham Dragons,49,"19"""
49042,1011791,Zac,Foot,Sydney,senior,16,24/12/2000,180,71,VIC,Dandenong Stingrays,,""""
47114,291848,Robbie,Fox,Sydney,senior,42,16/04/1993,185,84,TAS,Coburg,19,"8"""
1594,240399,Lance,Franklin,Sydney,senior,23,30/01/1987,199,106,WA,Perth,298,"938"""
1556,240072,Heath,Grundy,Sydney,senior,39,2/06/1986,192,105,SA,Norwood,254,"24"""
47071,997100,Will,Hayward,Sydney,senior,9,26/10/1998,185,75,SA,North Adelaide,53,"62"""
45017,298539,Isaac,Heeney,Sydney,senior,5,5/05/1996,185,85,NSW,Cardiff,96,"95"""
44033,294036,George,Hewett,Sydney,senior,29,29/12/1995,187,81,SA,North Adelaide,87,"31"""
2137,240226,Kieren,Jack,Sydney,senior,15,28/06/1987,177,77,NSW,NSW-ACT Rams,251,"165"""
44023,991988,Zak,Jones,Sydney,senior,10,15/03/1995,181,79,VIC,Dandenong Stingrays,86,"23"""
39522,260382,Josh P.,Kennedy,Sydney,senior,12,20/06/1988,188,94,VIC,Sandringham Dragons,239,"145"""
48117,1004949,Matthew,Ling,Sydney,senior,19,21/04/1999,182,74,VIC,Geelong Falcons,0,"0"""
43125,295342,Jake,Lloyd,Sydney,senior,44,20/09/1993,180,77,VIC,Murray Bushrangers,131,"29"""
47049,998662,Jack,Maibaum,Sydney,senior,21,27/03/1998,192,92,VIC,Eastern Ranges,0,"0"""
48133,1008198,Tom,McCartin,Sydney,senior,30,30/12/1999,193,84,VIC,Geelong Falcons,29,"14"""
49078,1011936,Justin,McInerney,Sydney,senior,27,18/08/2000,187,72,VIC,Northern Knights,1,"0"""
48165,1003203,Hayden,McLean,Sydney,senior,41,20/01/1999,197,93,VIC,Sandringham Dragons,1,"0"""
655,230253,Jarrad,McVeigh,Sydney,senior,3,7/04/1985,184,82,NSW,NSW-ACT Under 18s,323,"200"""
45185,996743,Lewis,Melican,Sydney,senior,43,4/11/1996,193,95,VIC,Geelong Falcons,34,"1"""
41035,291307,Daniel,Menzel,Sydney,senior,2,13/09/1991,190,90,SA,Central District,76,"138"""
46003,993905,Callum,Mills,Sydney,senior,14,2/04/1997,188,83,NSW,North Shore,72,"3"""
43141,298144,Sam,Naismith,Sydney,senior,35,1/01/1993,206,105,NSW,North Shore,27,"2"""
46126,997842,Colin,O'Riordan,Sydney,senior,38,12/10/1995,186,86,N/A,County Tipperary,14,"1"""
46106,996765,Tom,Papley,Sydney,senior,11,13/07/1996,177,77,VIC,Gippsland Power,76,"108"""
42015,290778,Luke,Parker,Sydney,senior,26,25/10/1992,182,85,VIC,Dandenong Stingrays,188,"150"""
47123,1002138,Toby,Pink,Sydney,rookie,47,11/08/1998,193,85,SA,Glenelg,0,"0"""
43132,290307,Dane,Rampe,Sydney,senior,24,2/06/1990,188,88,NSW,UNSW,153,"6"""
41057,290188,Sam,Reid,Sydney,senior,20,27/12/1991,196,97,VIC,Murray Bushrangers,136,"150"""
49117,1013624,Harry,Reynolds,Sydney,rookie,31,11/10/2000,190,74,VIC,Sandringham Dragons,,""""
47107,1004880,Ben,Ronke,Sydney,senior,25,18/12/1997,181,73,VIC,Calder Cannons,26,"28"""
45060,297107,James,Rose,Sydney,senior,1,16/04/1996,185,85,SA,Sturt,13,"7"""
49025,1006126,James,Rowbottom,Sydney,senior,8,19/09/2000,185,78,VIC,Oakleigh Chargers,7,"1"""
43124,294737,Callum,Sinclair,Sydney,senior,18,23/09/1989,199,102,WA,Subiaco,101,"59"""
39565,250338,Nick,Smith,Sydney,senior,40,12/06/1988,183,81,VIC,Oakleigh Chargers,209,"10"""
48149,1008080,Ryley,Stoddart,Sydney,senior,33,15/10/1999,185,74,VIC,Eastern Ranges,3,"1"""
43053,294663,Jackson,Thurlow,Sydney,senior,6,28/03/1994,190,87,TAS,Launceston,55,"11"""
39485,270742,Kurt,Tippett,Sydney,rookie,0,8/05/1987,202,105,QLD,Southport,176,"321"""
49110,1002592,Durak,Tucker,Sydney,rookie,28,9/02/2000,189,84,WA,Peel Thunder,,""""
49125,1006232,Sam,Wicks,Sydney,rookie,45,14/09/1999,180,74,NSW,Swans Academy,,""""
44006,297373,Marcus,Bontempelli,Western Bulldogs,senior,4,24/11/1995,193,92,VIC,Northern Knights,120,"110"""
44001,296367,Tom,Boyd,Western Bulldogs,senior,17,22/08/1995,200,103,VIC,Eastern Ranges,60,"50"""
49079,296070,Ben,Cavarra,Western Bulldogs,senior,25,20/12/1995,172,73,VIC,Williamstown,,""""
45042,991939,Zaine,Cordy,Western Bulldogs,senior,12,27/10/1996,193,86,VIC,Geelong Falcons,64,"8"""
42235,293651,Hayden,Crozier,Western Bulldogs,senior,9,24/12/1993,185,83,VIC,Eastern Ranges,102,"45"""
45118,996708,Bailey,Dale,Western Bulldogs,senior,31,22/07/1996,183,80,VIC,Dandenong Stingrays,44,"38"""
45119,295136,Caleb,Daniel,Western Bulldogs,senior,35,7/07/1996,168,71,SA,South Adelaide,88,"26"""
42342,295712,Tory,Dickson,Western Bulldogs,senior,29,26/09/1987,184,85,VIC,Bendigo Bombers,108,"172"""
46010,993834,Josh,Dunkley,Western Bulldogs,senior,5,9/01/1997,190,90,VIC,Gippsland Power,59,"33"""
41101,290085,Taylor,Duryea,Western Bulldogs,senior,15,24/04/1991,179,80,VIC,Murray Bushrangers,127,"22"""
47018,1004592,Tim,English,Western Bulldogs,senior,44,10/08/1997,205,87,WA,South Fremantle,24,"6"""
46094,997501,Ryan,Gardner,Western Bulldogs,senior,43,1/06/1997,198,98,TAS,Burnie,2,"2"""
45152,298277,Billy,Gowers,Western Bulldogs,senior,26,10/06/1996,188,83,VIC,Oakleigh Chargers,30,"39"""
47093,1006303,Fergus,Greene,Western Bulldogs,senior,30,20/12/1997,187,70,VIC,Bendigo Pioneers,5,"5"""
49103,991976,Will,Hayes,Western Bulldogs,senior,32,5/06/1995,181,78,VIC,Footscray VFL,5,"2"""
43046,294557,Lachie,Hunter,Western Bulldogs,senior,7,13/12/1994,183,80,VIC,Western Jets,121,"55"""
42195,294101,Jason,Johannisen,Western Bulldogs,senior,39,8/11/1992,180,80,WA,East Fremantle,119,"38"""
42393,295313,Lin,Jong,Western Bulldogs,senior,46,4/06/1993,188,88,VIC,Oakleigh Chargers,61,"33"""
49121,998782,Buku,Khamis,Western Bulldogs,rookie,24,24/03/2000,189,82,VIC,Bulldogs Academy,,""""
42040,290799,Tom,Liberatore,Western Bulldogs,senior,21,16/05/1992,183,83,VIC,Calder Cannons,129,"45"""
47067,1003130,Patrick,Lipinski,Western Bulldogs,senior,27,17/07/1998,187,80,VIC,Northern Knights,26,"17"""
44112,290073,Sam,Lloyd,Western Bulldogs,senior,22,3/03/1990,180,83,VIC,Frankston,74,"98"""
46103,994410,Brad,Lynch,Western Bulldogs,senior,36,11/07/1997,187,76,WA,Swan Districts,9,"2"""
43022,295467,Jack,Macrae,Western Bulldogs,senior,11,3/08/1994,191,83,VIC,Oakleigh Chargers,134,"31"""
45052,996483,Toby,McLean,Western Bulldogs,senior,16,31/01/1996,180,78,VIC,Oakleigh Chargers,73,"48"""
1531,250712,Dale,Morris,Western Bulldogs,senior,38,29/12/1982,190,91,VIC,Werribee,251,"3"""
48203,1002404,Aaron,Naughton,Western Bulldogs,senior,33,30/11/1999,194,85,WA,Peel Thunder,35,"24"""
40129,271439,Liam,Picken,Western Bulldogs,senior,42,1/08/1986,184,83,VIC,Williamstown,197,"87"""
48225,1002383,Callum,Porter,Western Bulldogs,senior,28,22/02/1999,182,76,VIC,Gippsland Power,0,"0"""
48211,1008280,Ed,Richards,Western Bulldogs,senior,20,3/07/1999,185,78,VIC,Oakleigh Chargers,35,"14"""
42392,291814,Fletcher,Roberts,Western Bulldogs,senior,18,3/06/1993,196,90,VIC,Sandringham Dragons,50,"0"""
46002,993841,Josh,Schache,Western Bulldogs,senior,13,21/08/1997,199,96,VIC,Murray Bushrangers,49,"55"""
49006,1006130,Bailey,Smith,Western Bulldogs,senior,6,7/12/2000,184,79,VIC,Sandringham Dragons,17,"7"""
45151,992054,Roarke,Smith,Western Bulldogs,senior,37,11/09/1996,182,80,VIC,Calder Cannons,17,"4"""
39592,270732,Matt,Suckling,Western Bulldogs,senior,1,25/07/1988,187,87,NSW,Wagga Tigers,166,"80"""
49116,992330,Jordon,Sweet,Western Bulldogs,senior,41,2/02/1998,202,107,SA,North Adelaide,,""""
40009,280013,Jackson,Trengove,Western Bulldogs,senior,8,2/11/1990,197,97,VIC,Calder Cannons,181,"35"""
49074,1005000,Laitham,Vandermeer,Western Bulldogs,senior,23,3/03/1999,180,77,VIC,Murray Bushrangers,,""""
42023,291545,Mitch,Wallis,Western Bulldogs,senior,3,24/10/1992,186,85,VIC,Calder Cannons,133,"76"""
45073,298307,Lukas,Webb,Western Bulldogs,senior,19,3/04/1996,187,85,VIC,Gippsland Power,24,"7"""
49013,1006127,Rhylee,West,Western Bulldogs,senior,14,12/07/2000,180,81,VIC,Calder Cannons,,""""
46088,992351,Bailey,Williams,Western Bulldogs,senior,34,10/10/1997,187,84,SA,Glenelg,41,"7"""
39671,281139,Easton,Wood,Western Bulldogs,senior,10,4/09/1989,187,87,VIC,Camperdown,153,"18"""
49105,1004909,Lachie,Young,Western Bulldogs,senior,40,6/04/1999,190,82,VIC,Mt Eliza,6,"0"""
47080,997316,Lewis,Young,Western Bulldogs,senior,2,20/12/1998,197,88,SA,Sturt,11,"0"""
42333,291947,Brendon,Ah Chee,West Coast,senior,41,21/12/1993,188,88,WA,South Fremantle,36,"20"""
48189,1004356,Brayden,Ainsworth,West Coast,senior,33,27/11/1998,183,75,WA,Subiaco,3,"1"""
46097,992111,Matthew,Allen,West Coast,senior,43,18/10/1997,193,95,SA,Glenelg,0,"0"""
48199,1004385,Oscar,Allen,West Coast,senior,12,19/03/1999,191,82,WA,West Perth,18,"14"""
44091,990290,Tom,Barrass,West Coast,senior,37,8/10/1995,194,95,WA,Claremont,58,"0"""
49122,1013948,Patrick,Bines,West Coast,rookie,47,5/02/1999,198,98,VIC,Melbourne Tigers NBL,,""""
48007,1002300,Jarrod,Brander,West Coast,senior,10,11/02/1999,195,92,VIC,Bendigo Pioneers,3,"0"""
48222,998107,Hamish,Brayshaw,West Coast,senior,22,9/02/1998,187,91,VIC,Sandringham Dragons,0,"0"""
45177,290889,Keegan,Brooksby,West Coast,rookie,40,27/04/1990,197,105,SA,South Adelaide,13,"3"""
49054,1005793,Jarrod,Cameron,West Coast,senior,39,3/05/2000,180,69,WA,Swan Districts,5,"10"""
46019,993820,Tom,Cole,West Coast,senior,28,28/05/1997,186,81,VIC,Bendigo Pioneers,41,"0"""
42036,290826,Jamie,Cripps,West Coast,senior,15,23/04/1992,183,81,WA,East Fremantle,158,"204"""
42005,290838,Jack,Darling,West Coast,senior,27,13/06/1992,191,95,WA,West Perth,189,"362"""
45020,298268,Liam,Duggan,West Coast,senior,14,11/12/1996,184,81,VIC,Western Jets,84,"9"""
49114,1011437,Harry,Edwards,West Coast,rookie,42,1/10/2000,195,80,WA,Swan Districts,,""""
49038,1005599,Luke,Foley,West Coast,senior,29,8/10/1999,187,75,WA,Subiaco,,""""
42010,290801,Andrew,Gaff,West Coast,senior,3,16/06/1992,182,84,VIC,Oakleigh Chargers,190,"68"""
42065,294266,Tom,Hickey,West Coast,senior,16,6/03/1991,201,98,QLD,Morningside  ,92,"29"""
2035,240283,Shannon,Hurn,West Coast,senior,25,4/09/1987,187,95,SA,Central District,263,"50"""
41025,281052,Mark,Hutchings,West Coast,senior,34,25/05/1991,181,87,WA,East Perth,109,"46"""
41022,281281,Lewis,Jetta,West Coast,senior,23,4/05/1989,182,78,WA,Swan Districts,188,"114"""
2022,240406,Josh J.,Kennedy,West Coast,senior,17,25/08/1987,196,103,WA,East Fremantle,236,"594"""
39663,261290,Chris,Masten,West Coast,senior,7,2/05/1989,180,80,WA,East Fremantle,210,"69"""
42193,294859,Jeremy,McGovern,West Coast,senior,20,15/04/1992,195,100,WA,Claremont,119,"36"""
42273,291929,Fraser,McInnes,West Coast,rookie,36,19/07/1993,197,96,WA,Perth,14,"7"""
46093,993827,Kurt,Mutimer,West Coast,senior,38,11/03/1997,184,81,VIC,Dandenong Stingrays,4,"1"""
40002,271045,Nic,Naitanui,West Coast,senior,9,4/05/1990,201,110,WA,Swan Districts,164,"102"""
45051,298298,Jackson,Nelson,West Coast,senior,30,15/03/1996,187,82,VIC,Geelong Falcons,48,"1"""
49072,1008282,Xavier,O'Neill,West Coast,senior,24,3/09/2000,185,80,VIC,Oakleigh Chargers,,""""
48152,1006550,Jack,Petruccelle,West Coast,senior,21,12/04/1999,185,78,VIC,Northern Knights,17,"19"""
40110,281373,Jack,Redden,West Coast,senior,8,9/12/1990,190,85,SA,Glenelg,204,"71"""
49123,1013949,Brodie,Riach,West Coast,rookie,46,1/01/2000,189,89,VIC,Altona Gators,,""""
47083,296225,Willie,Rioli,West Coast,senior,44,4/06/1995,175,82,SA,Glenelg,32,"36"""
47030,997823,Josh,Rotham,West Coast,senior,35,25/02/1998,192,85,WA,West Perth,3,"0"""
48215,1004364,Liam,Ryan,West Coast,senior,1,2/10/1996,179,71,WA,Claremont,30,"37"""
39554,261214,Will,Schofield,West Coast,senior,31,24/01/1989,196,96,VIC,Geelong Falcons,185,"22"""
44010,296296,Dom,Sheed,West Coast,senior,4,10/03/1995,185,86,WA,Subiaco,95,"45"""
41026,281080,Brad,Sheppard,West Coast,senior,5,23/05/1991,187,84,WA,East Perth,171,"17"""
40034,280078,Luke,Shuey,West Coast,senior,13,2/06/1990,183,90,VIC,Oakleigh Chargers,194,"134"""
39644,294650,Josh,Smith,West Coast,senior,45,2/01/1994,180,80,QLD,Redland,34,"7"""
41014,280959,Nathan,Vardy,West Coast,senior,19,25/06/1991,200,100,VIC,Gippsland Power,67,"41"""
47015,998414,Daniel,Venables,West Coast,senior,18,19/11/1998,185,82,VIC,Western Jets,21,"11"""
47055,996554,Jake,Waterman,West Coast,senior,2,12/03/1998,190,94,WA,Perth,22,"18"""
47140,298474,Francis,Watson,West Coast,senior,26,29/09/1995,187,79,WA,Claremont,1,"0"""
49011,1006114,Bailey J.,Williams,West Coast,senior,32,17/10/2000,198,95,VIC,Dandenong Stingrays,,""""
42317,292128,Elliot,Yeo,West Coast,senior,6,1/10/1993,190,87,WA,East Fremantle,148,"69"""
48210,1004894,Aiden,Bonar,GWS,senior,10,8/03/1999,189,86,VIC,Dandenong Stingrays,4,"5"""
49028,1008436,Kieren,Briggs,GWS,senior,32,10/06/1999,200,98,NSW,GWS Academy,,""""
49132,1014038,Callum M.,Brown,GWS,rookie,46,15/08/2000,189,91,N/A,County Derry,,""""
42284,291777,Dylan,Buckley,GWS,rookie,43,16/03/1993,179,76,VIC,Northern Knights,41,"18"""
48235,1009708,Jack,Buckley,GWS,rookie,44,0000-00-00,194,81,NSW,UNSW,0,"0"""
42244,291797,Matthew,Buntine,GWS,senior,21,19/10/1993,189,84,VIC,Dandenong Stingrays,59,"3"""
49015,1006103,Jye,Caldwell,GWS,senior,5,28/09/2000,184,78,VIC,Bendigo Pioneers,,""""
42221,293845,Jeremy,Cameron,GWS,senior,18,1/04/1993,196,94,VIC,North Ballarat,146,"381"""
42255,291969,Stephen,Coniglio,GWS,senior,3,15/12/1993,182,85,WA,Swan Districts,132,"78"""
43069,294508,Aidan,Corr,GWS,senior,35,17/05/1994,195,94,VIC,Northern Knights,77,"2"""
47070,1001396,Isaac,Cumming,GWS,senior,13,11/08/1998,184,74,NSW,Broken Hill,6,"0"""
48109,1002251,Brent,Daniels,GWS,senior,16,9/03/1999,171,70,VIC,Bendigo Pioneers,24,"12"""
40078,280804,Phil,Davis,GWS,senior,1,30/08/1990,197,96,SA,North Adelaide,156,"7"""
40055,271015,Matthew,de Boer,GWS,senior,24,10/03/1990,189,86,WA,Claremont,180,"74"""
1517,240336,Brett,Deledio,GWS,senior,7,18/04/1987,188,86,VIC,Murray Bushrangers,272,"196"""
45040,298111,Jeremy,Finlayson,GWS,senior,31,2/09/1996,196,91,NSW,Sydney Hills Eagles,31,"35"""
46072,993902,Matthew,Flynn,GWS,senior,30,13/09/1997,200,101,NSW,Narrandera,0,"0"""
48221,1004286,Zac,Giles-Langdon,GWS,senior,17,13/11/1993,175,75,WA,Claremont,24,"21"""
42243,295344,Toby,Greene,GWS,senior,4,15/09/1993,182,82,VIC,Oakleigh Chargers,137,"155"""
49009,999309,Jackson,Hately,GWS,senior,9,21/01/2000,192,80,SA,Central District,4,"0"""
42297,295265,Nick,Haynes,GWS,senior,19,18/05/1992,193,89,VIC,Dandenong Stingrays,119,"9"""
49012,1006148,Ian,Hill,GWS,senior,37,9/02/2000,176,66,WA,Perth,2,"4"""
46057,993107,Harrison,Himmelberg,GWS,senior,27,8/05/1997,194,92,NSW,Eastlake,57,"68"""
46005,993903,Jacob,Hopper,GWS,senior,2,6/02/1997,187,87,NSW,North Ballarat,60,"24"""
49090,1008083,Connor,Idun,GWS,senior,39,29/07/2000,191,91,VIC,Geelong Falcons,,""""
40145,290314,Lachlan,Keeffe,GWS,senior,25,14/04/1990,204,101,QLD,Queensland under 18s,52,"11"""
44002,296347,Josh,Kelly,GWS,senior,22,12/02/1995,184,82,VIC,Sandringham Dragons,111,"71"""
42310,291509,Adam,Kennedy,GWS,senior,40,12/07/1992,182,80,VIC,Western Jets,108,"9"""
46112,290675,Daniel,Lloyd,GWS,senior,38,18/02/1992,187,87,NSW,Killarney Vale,33,"25"""
39698,280762,Shane,Mumford,GWS,senior,41,5/07/1986,199,108,VIC,Geelong,182,"52"""
49030,1006135,Xavier,O'Halloran,GWS,senior,33,11/07/2000,186,82,VIC,Western Jets,,""""
42236,291821,Jonathon,Patton,GWS,senior,12,20/05/1993,198,101,VIC,Eastern Ranges,88,"126"""
47007,998205,Harry,Perryman,GWS,senior,36,19/12/1998,184,77,NSW,Colingullie,27,"4"""
39669,261374,Sam J.,Reid,GWS,senior,50,7/11/1989,188,85,QLD,Zillmere,81,"29"""
1557,240700,Heath,Shaw,GWS,senior,23,27/11/1985,183,86,VIC,Northern Knights,297,"38"""
42298,291792,Thomas,Sheridan,GWS,senior,11,28/10/1993,187,82,VIC,Calder Cannons,81,"31"""
48036,1002296,Nicholas,Shipley,GWS,senior,34,25/06/1999,188,93,NSW,St George,2,"0"""
39635,270340,Dawson,Simpson,GWS,senior,26,17/02/1989,210,109,VIC,Murray Bushrangers,45,"5"""
47129,998225,Zachary,Sproule,GWS,rookie,28,12/05/1998,197,91,NSW,Murray Bushrangers,0,"0"""
47130,1007238,Jake,Stein,GWS,senior,42,17/01/1994,195,94,NSW,Penrith,2,"0"""
47013,998172,Tim,Taranto,GWS,senior,14,28/01/1998,186,83,VIC,Sandringham Dragons,54,"22"""
48201,1005247,Sam,Taylor,GWS,senior,15,5/05/1999,196,87,WA,Swan Districts,24,"1"""
42292,291819,Adam,Tomlinson,GWS,senior,20,10/08/1993,194,97,VIC,Oakleigh Chargers,131,"34"""
39670,280109,Callan,Ward,GWS,senior,8,10/04/1990,187,84,VIC,Western Jets,216,"107"""
43001,294305,Lachie,Whitfield,GWS,senior,6,18/07/1994,187,81,VIC,Dandenong Stingrays,124,"56"""
43139,294685,Zac,Williams,GWS,senior,29,20/09/1994,185,84,NSW,Narrandera,92,"23"""
