,fanfooty_player_id,afl_player_id,first_name,surname,afl_team,status,jumper_number,birth_date,height,weight,state_of_origin,recruited_from,game,goals,Full Name,SC Player ID,First Name,Last Name,Pos1,Pos2,Team,Playing Next,In 2 Rds,In 3 Rds,Playing Next.1,Owner,Waiver,Free Agent,Trade Status,Total Pts,Rds,Rd Pts,Avg,Avg 3,Avg 5,Status Comment,Player Note
0,42316.0,293479.0,Cam,Ellis-Yolmen,Adelaide,senior,28.0,28/01/1993,190.0,94.0,SA,Woodville-West Torrens,39.0,"15""",Cam Ellis-Yolmen,,,,,,,,,,,,,,,,,,,,,,
1,49062.0,1008159.0,Will,Hamill,Adelaide,senior,35.0,17/11/2000,185.0,70.0,VIC,Dandenong Stingrays,,"""",Will Hamill,,,,,,,,,,,,,,,,,,,,,,
2,40030.0,270938.0,Tom T.,Lynch,Adelaide,senior,27.0,15/09/1990,191.0,88.0,VIC,Sandringham Dragons,134.0,"185""",Tom T. Lynch,,,,,,,,,,,,,,,,,,,,,,
3,49046.0,1006100.0,Tom,Berry,Brisbane Lions,senior,13.0,1/05/2000,185.0,76.0,VIC,GWV Rebels,,"""",Tom Berry,,,,,,,,,,,,,,,,,,,,,,
4,49140.0,1013532.0,Tom,Fullarton,Brisbane Lions,rookie,47.0,23/02/1999,200.0,98.0,QLD,Brisbane Bullets,,"""",Tom Fullarton,,,,,,,,,,,,,,,,,,,,,,
5,45139.0,298446.0,Josh,Deluca,Carlton,senior,47.0,11/05/1996,179.0,80.0,WA,Subiaco,5.0,"3""",Josh Deluca,,,,,,,,,,,,,,,,,,,,,,
6,47044.0,998116.0,Patrick,Kerr,Carlton,senior,36.0,31/07/1998,194.0,93.0,VIC,Oakleigh Chargers,4.0,"2""",Patrick Kerr,,,,,,,,,,,,,,,,,,,,,,
7,47045.0,992276.0,Kym,LeBois,Carlton,senior,42.0,22/05/1998,175.0,67.0,SA,North Adelaide,0.0,"0""",Kym LeBois,,,,,,,,,,,,,,,,,,,,,,
8,45010.0,990423.0,Jarrod,Pickett,Carlton,senior,33.0,18/08/1996,178.0,77.0,WA,South Fremantle,17.0,"8""",Jarrod Pickett,,,,,,,,,,,,,,,,,,,,,,
9,43008.0,294624.0,Lachlan,Plowman,Carlton,senior,20.0,11/09/1994,191.0,90.0,VIC,Calder Cannons,89.0,"1""",Lachlan Plowman,,,,,,,,,,,,,,,,,,,,,,
10,49102.0,1008288.0,Atu,Bosenvulagi,Collingwood,senior,40.0,17/09/2000,180.0,81.0,VIC,Oakleigh Chargers,,"""",Atu Bosenvulagi,,,,,,,,,,,,,,,,,,,,,,
11,47038.0,1002770.0,Callum,Brown,Collingwood,senior,17.0,27/04/1998,178.0,73.0,VIC,Eastern Ranges,28.0,"12""",Callum Brown,,,,,,,,,,,,,,,,,,,,,,
12,46124.0,1003620.0,Samuel,Murray,Collingwood,rookie,9.0,1/01/1997,187.0,88.0,VIC,Wodonga Raiders,13.0,"0""",Samuel Murray,,,,,,,,,,,,,,,,,,,,,,
13,40048.0,290622.0,Mitch W.,Brown,Essendon,senior,28.0,28/08/1990,196.0,90.0,VIC,Sandringham Dragons,64.0,"62""",Mitch W. Brown,,,,,,,,,,,,,,,,,,,,,,
14,49107.0,994073.0,Tom,Jok,Essendon,rookie,46.0,1/01/1997,193.0,80.0,VIC,Collingwood VFL,,"""",Tom Jok,,,,,,,,,,,,,,,,,,,,,,
15,46037.0,990606.0,Will,Snelling,Essendon,senior,40.0,6/08/1997,174.0,89.0,SA,West Adelaide,2.0,"2""",Will Snelling,,,,,,,,,,,,,,,,,,,,,,
16,48068.0,1002353.0,Mitch,Crowden,Fremantle,senior,12.0,28/04/1999,175.0,88.0,SA,Sturt,10.0,"1""",Mitch Crowden,,,,,,,,,,,,,,,,,,,,,,
17,44016.0,995192.0,Cameron,McCarthy,Fremantle,senior,23.0,1/04/1995,192.0,90.0,WA,South Fremantle,67.0,"96""",Cameron McCarthy,,,,,,,,,,,,,,,,,,,,,,
18,49088.0,1000860.0,Lachlan,Schulz,Fremantle,senior,28.0,30/11/1997,180.0,80.0,VIC,Williamstown,3.0,"2""",Lachlan Schulz,,,,,,,,,,,,,,,,,,,,,,
19,48224.0,992059.0,Samuel,Switkowski,Fremantle,senior,39.0,20/11/1996,178.0,72.0,VIC,Box Hill Hawks,16.0,"5""",Samuel Switkowski,,,,,,,,,,,,,,,,,,,,,,
20,48997.0,1000068.0,Chris,Burgess,Gold Coast,senior,29.0,26/11/1995,193.0,84.0,SA,West Adelaide,9.0,"3""",Chris Burgess,,,,,,,,,,,,,,,,,,,,,,
21,46091.0,295446.0,Samuel,Collins,Gold Coast,senior,25.0,14/12/1997,193.0,94.0,VIC,Dandenong Stingrays,23.0,"0""",Samuel Collins,,,,,,,,,,,,,,,,,,,,,,
22,48998.0,1005547.0,Josh,Corbett,Gold Coast,senior,19.0,23/04/1996,190.0,90.0,VIC,Werribee Tigers,9.0,"3""",Josh Corbett,,,,,,,,,,,,,,,,,,,,,,
23,46084.0,998511.0,Joshua,Schoenfeld,Gold Coast,senior,36.0,3/07/1997,186.0,75.0,WA,Peel Thunder,15.0,"5""",Joshua Schoenfeld,,,,,,,,,,,,,,,,,,,,,,
24,45007.0,298524.0,Lachlan,Weller,Gold Coast,senior,14.0,23/02/1996,181.0,79.0,QLD,Broadbeach,81.0,"22""",Lachlan Weller,,,,,,,,,,,,,,,,,,,,,,
25,552.0,220001.0,Gary,Ablett jnr,Geelong,senior,4.0,14/05/1984,182.0,87.0,VIC,Geelong Falcons ,337.0,"431""",Gary Ablett jnr,,,,,,,,,,,,,,,,,,,,,,
26,48143.0,1002228.0,Lachlan,Fogarty,Geelong,senior,13.0,1/04/1999,179.0,75.0,VIC,Western Jets,17.0,"5""",Lachlan Fogarty,,,,,,,,,,,,,,,,,,,,,,
27,48125.0,1004991.0,Harry,Jones,Hawthorn,rookie,40.0,15/03/1999,183.0,79.0,VIC,Murray Bushrangers,0.0,"0""",Harry Jones,,,,,,,,,,,,,,,,,,,,,,
28,42104.0,290683.0,Will,Langford,Hawthorn,rookie,0.0,3/07/1992,187.0,83.0,NSW,Easts,72.0,"24""",Will Langford,,,,,,,,,,,,,,,,,,,,,,
29,44025.0,296343.0,Jay,Kennedy-Harris,Melbourne,senior,24.0,21/03/1995,173.0,75.0,VIC,Oakleigh Chargers,35.0,"12""",Jay Kennedy-Harris,,,,,,,,,,,,,,,,,,,,,,
30,47110.0,294823.0,Tim,Smith,Melbourne,senior,38.0,20/02/1991,192.0,94.0,VIC,Casey Scorpions,12.0,"10""",Tim Smith,,,,,,,,,,,,,,,,,,,,,,
31,45149.0,297990.0,Aaron,Vandenberg,Melbourne,senior,22.0,3/03/1992,188.0,90.0,ACT,Ainslie,35.0,"22""",Aaron Vandenberg,,,,,,,,,,,,,,,,,,,,,,
32,46102.0,294675.0,Joshua,Wagner,Melbourne,senior,42.0,24/06/1994,189.0,85.0,QLD,Aspley,39.0,"2""",Joshua Wagner,,,,,,,,,,,,,,,,,,,,,,
33,49129.0,1014044.0,Red Óg,Murphy,North Melbourne,rookie,45.0,11/10/2000,185.0,84.0,,Ulster (Ireland),,"""",Red Óg Murphy,,,,,,,,,,,,,,,,,,,,,,
34,49120.0,992076.0,Thomas,Wilkinson,North Melbourne,rookie,41.0,7/03/1996,181.0,82.0,VIC,Southport,,"""",Thomas Wilkinson,,,,,,,,,,,,,,,,,,,,,,
35,40050.0,280864.0,Sam,Wright,North Melbourne,senior,19.0,15/07/1990,188.0,85.0,VIC,Murray Bushrangers,136.0,"58""",Sam Wright,,,,,,,,,,,,,,,,,,,,,,
36,2023.0,250267.0,Patrick,Ryder,Port Adelaide,senior,4.0,14/03/1988,197.0,92.0,WA,East Fremantle,238.0,"168""",Patrick Ryder,,,,,,,,,,,,,,,,,,,,,,
37,42324.0,290733.0,Cameron,Sutcliffe,Port Adelaide,senior,50.0,23/05/1992,186.0,87.0,SA,Woodville-West Torrens,105.0,"19""",Cameron Sutcliffe,,,,,,,,,,,,,,,,,,,,,,
38,45058.0,992374.0,Daniel,Butler,Richmond,senior,7.0,6/03/1996,182.0,80.0,VIC,North Ballarat,44.0,"53""",Daniel Butler,,,,,,,,,,,,,,,,,,,,,,
39,39497.0,250298.0,Shaun,Grigg,Richmond,senior,6.0,19/04/1988,190.0,85.0,VIC,Nth Ballarat,214.0,"96""",Shaun Grigg,,,,,,,,,,,,,,,,,,,,,,
40,48239.0,1006276.0,Derek,Smith,Richmond,senior,43.0,4/05/1998,180.0,80.0,NT,Bendigo Pioneers,2.0,"0""",Derek Smith,,,,,,,,,,,,,,,,,,,,,,
41,48161.0,1005717.0,Nicholas,Coffield,St Kilda,senior,1.0,23/10/1999,191.0,82.0,VIC,Northern Knights,15.0,"1""",Nicholas Coffield,,,,,,,,,,,,,,,,,,,,,,
42,42336.0,293846.0,Seb,Ross,St Kilda,senior,6.0,7/05/1993,187.0,87.0,VIC,North Ballarat,119.0,"17""",Seb Ross,,,,,,,,,,,,,,,,,,,,,,
43,49095.0,295015.0,Robbie,Young,St Kilda,senior,41.0,2/03/1995,179.0,75.0,SA,North Adelaide,3.0,"2""",Robbie Young,,,,,,,,,,,,,,,,,,,,,,
44,1556.0,240072.0,Heath,Grundy,Sydney,senior,39.0,2/06/1986,192.0,105.0,SA,Norwood,254.0,"24""",Heath Grundy,,,,,,,,,,,,,,,,,,,,,,
45,39485.0,270742.0,Kurt,Tippett,Sydney,rookie,0.0,8/05/1987,202.0,105.0,QLD,Southport,176.0,"321""",Kurt Tippett,,,,,,,,,,,,,,,,,,,,,,
46,49125.0,1006232.0,Sam,Wicks,Sydney,rookie,45.0,14/09/1999,180.0,74.0,NSW,Swans Academy,,"""",Sam Wicks,,,,,,,,,,,,,,,,,,,,,,
47,44001.0,296367.0,Tom,Boyd,Western Bulldogs,senior,17.0,22/08/1995,200.0,103.0,VIC,Eastern Ranges,60.0,"50""",Tom Boyd,,,,,,,,,,,,,,,,,,,,,,
48,40129.0,271439.0,Liam,Picken,Western Bulldogs,senior,42.0,1/08/1986,184.0,83.0,VIC,Williamstown,197.0,"87""",Liam Picken,,,,,,,,,,,,,,,,,,,,,,
49,39592.0,270732.0,Matt,Suckling,Western Bulldogs,senior,1.0,25/07/1988,187.0,87.0,NSW,Wagga Tigers,166.0,"80""",Matt Suckling,,,,,,,,,,,,,,,,,,,,,,
50,49105.0,1004909.0,Lachie,Young,Western Bulldogs,senior,40.0,6/04/1999,190.0,82.0,VIC,Mt Eliza,6.0,"0""",Lachie Young,,,,,,,,,,,,,,,,,,,,,,
51,46019.0,993820.0,Tom,Cole,West Coast,senior,28.0,28/05/1997,186.0,81.0,VIC,Bendigo Pioneers,41.0,"0""",Tom Cole,,,,,,,,,,,,,,,,,,,,,,
52,49011.0,1006114.0,Bailey J.,Williams,West Coast,senior,32.0,17/10/2000,198.0,95.0,VIC,Dandenong Stingrays,,"""",Bailey J. Williams,,,,,,,,,,,,,,,,,,,,,,
53,42244.0,291797.0,Matthew,Buntine,GWS,senior,21.0,19/10/1993,189.0,84.0,VIC,Dandenong Stingrays,59.0,"3""",Matthew Buntine,,,,,,,,,,,,,,,,,,,,,,
54,40055.0,271015.0,Matthew,de Boer,GWS,senior,24.0,10/03/1990,189.0,86.0,WA,Claremont,180.0,"74""",Matthew de Boer,,,,,,,,,,,,,,,,,,,,,,
55,48221.0,1004286.0,Zac,Giles-Langdon,GWS,senior,17.0,13/11/1993,175.0,75.0,WA,Claremont,24.0,"21""",Zac Giles-Langdon,,,,,,,,,,,,,,,,,,,,,,
56,46057.0,993107.0,Harrison,Himmelberg,GWS,senior,27.0,8/05/1997,194.0,92.0,NSW,Eastlake,57.0,"68""",Harrison Himmelberg,,,,,,,,,,,,,,,,,,,,,,
57,42298.0,291792.0,Thomas,Sheridan,GWS,senior,11.0,28/10/1993,187.0,82.0,VIC,Calder Cannons,81.0,"31""",Thomas Sheridan,,,,,,,,,,,,,,,,,,,,,,
58,48036.0,1002296.0,Nicholas,Shipley,GWS,senior,34.0,25/06/1999,188.0,93.0,NSW,St George,2.0,"0""",Nicholas Shipley,,,,,,,,,,,,,,,,,,,,,,
